title,price,sold,location,link,category
Vanilla Beans Planifolia GRADE A Gourmet (Biji Vanila 100% ORGANIK),Rp119.000,Rp119.000,Jakarta Barat,https://www.tokopedia.com/https://ta.tokopedia.com/promo/v1/clicks/8a-xgVY2gmUEH_HR6A1dHpnfbm-xgVY789CBUsthbm-Orfua9fBjUstiHmUDUSz2Q31i6sJRH_1Ro_HFoAeDUMoFyaUEHsnFHmFircYpq9z2Qfdi6sJDUMVDgaUEUMoxPcuSQR-N9f-N9RCaQfzOyReibm-XP3Oig9-wQfgwy3zpUsthoZFiQSuWyMua9fVjrOYag9Ji6sJObm-sy9zwq3zpUs2QHp1DHsyNoiFaopyN9ZFiQBYsy3Njq3zxPcuwy3zpUsthoAnDUMVi9RzBrRei6i-6UiFircYpPVYxQcri6i-jg3yibm-fg9-pq3YXUstiPsUibm-xgVYpyfYagZUEHpHpbsypHpJfHsrNo_UaopnRbm-pHOYDQfri6i-B812kgJxGgBBXZSgjH7NDZ325q1N2oIB617BpZ3O6HcoD692qu7gN3_-Sq1Y2Z9P-q9P2y_-3o3ea69BqzsBE3_UN8u2_Z_g-qjV2_JoGP3Uao32q17jfZ32qq1YI3_zoqjj7_VPgH7Nk_9z6zJOR_9jFoVjauMhHu7gk_1Pz8JO1_9Bgqj-k_uo-r7BW69BxufzFyMFNqO2yeMgxuOV2_fB-P7B2PfBiH72F3s-DPuKpeSBiHBUh3_oZgMV913Bvq1BRZ3BRq3UpZSCqHMhO3Ao6QfUpeMgxuOV2_fB-P7B2PfBs3VgDyfNDgMzIzMNs81jfZ3Fd81Nkqp-y8j-M_1ydPOKh6IPy8j-M_1ydP7B2PfBsHjNfyfO3gBBXZSgjH7NDZ325q1OE_92HqBBE_92VHjOkypu6uJBN_S2CH7B2PfBsHjNfyfO3gMHauMxsQ1N5Z325q1NkgpuHqBud_M2uoJNke_-ozJOR_7zgq3gzv_7ibm-sQIupPcua9fBj9RyaUstpoAKR6mFirI-2yfuwyMBjUstaHAnFbm-SQfVD9fBjUstpwe?pub_id=0&pub_domain=0&dv=desktop&pub_unit=0&management_type=1&ob=23&t=desktop&src=directory&page=1&r=https%3A%2F%2Fwww.tokopedia.com%2Fbestvanilla%2Fvanilla-beans-planifolia-grade-a-gourmet-biji-vanila-100-organik-25-gram-14-15-cm%3Fsrc%3Dtopads,https://www.tokopedia.com/p/makanan-minuman/bahan-kue
"Yellow Corn Tortilla Frozen (Kulit Nachos), 100% Jagung, 500gr, 15cm",Rp29.000,Rp29.000,Jakarta Pusat,https://www.tokopedia.com/https://ta.tokopedia.com/promo/v1/clicks/8a-xgVY2gmUEH_jp6AjRHpnDUMVj9RzNrc1i6sJDUSupg9-wq3ei6iUFUiFiPcBWgZUEH_rho_rOHpn7omFiyRCsUstaHpnFbm-FQRo2PcB5QiUEHiFiy3hSUstiyfV7g3P5rSBwySBwrI-5gIusPmUDUMNOQ3-BrBY5gBYxgIHi6sJObm-XP3Oig9-wy3zp9R-BrZUEH_1DUMoxPVY2gIHi6BDpoZFaosjfbAURHpVPbm-X9foxQMz2gcV7guYxgIHi6sJ7HmFiy3-wPcupPmUEUjdibm-FQRo79fVDgaUEUMzBgiUDUSgBrSo2Qfdi6i-fHiUDUMVj9RosQR-BUstpHpHX6AHfop1fHp1fopr7osHDUSHp9fh5gaUEUMuNZM2jZJ2M33NGPMep_Mh-qMY2_1H7HJN1yp-6qB1O_1zooJY1e9x6qjVNZ3BRqujp1SByH7ND3uxGqMVAZ_g-qjV2_JoGrB2yQAoiH7203Ao6qMUpZMh-qMY2_1o-r7BWo9giQ1NDZ325q1NWZ_zqqMPN_32SPV2kyp-o8_nF_92C8jh1qc2quOu73uPoPO2Jz9xo8j22_1Po8JB2PfBiH72F3s-DPuKa1MhszsBF3jo-ojBke3BHe72fyfODQMV9o3gsZJ2f3jx3qMzc69Cqe7jfZ32Cq1hAZSgsQ3hXyurOgMHaqIgszsBF3jo-ojBke3BHe72dgVP383u36_CgufzEZ325quxEZ_-vuV2M_1ydPOxEeMgy8j-M_1ydPOxEe3BHe72E3_UN8u2363BsQ_jpyp-uq1Y2Z92o8jOO_7zoHjNEu_-o8B1a_S2sHJNk_3BHe72E3_UN8u23692qu7gN3_-Sq1Y2Z_-ozcoO_BzCH1NJz_ooucPR_7z-o1O2Zsjibm-sQIupPcua9fBj9RyaUstpH_HDUSCaq3oB9f-2gmUEHsHFHmFigfYxQVY2gmUEHR7?pub_id=0&page=1&ob=23&t=desktop&src=directory&pub_unit=0&dv=desktop&pub_domain=0&management_type=1&r=https%3A%2F%2Fwww.tokopedia.com%2Flivehealthy%2Fyellow-corn-tortilla-frozen-kulit-nachos-100-jagung-500gr-15cm-15cm%3Fsrc%3Dtopads,https://www.tokopedia.com/p/makanan-minuman/bahan-kue
Vanilla Bean ( Biji Vanilla ) - 10 Gr,Rp55.000,Rp55.000,Jakarta Utara,https://www.tokopedia.com/https://ta.tokopedia.com/promo/v1/clicks/8a-xgVY2gmUEHpjNoAJaopJDUMVj9RzNrc1i6sJDUSupg9-wq3ei6iUFUiFiPcBWgZUEH_rho_rOHpn7omFiyRCsUstho_nFbm-FQRo2PcB5QiUEHaFiy3hSUstiyfV7g3P5rSBwySBwrI-5gIusPmUDUMNOQ3-BrBY5gBYxgIHi6sJObm-XP3Oig9-wy3zp9R-BrZUEH_1DUMoxPVY2gIHi6BDpoZFaosjfbAURosBPbm-X9foxQMz2gcV7guYxgIHi6sJ7HmFiy3-wPcupPmUEUjdibm-FQRo79fVDgaUEUMzBgiUDUSgBrSo2Qfdi6i-fHiUDUMVj9RosQR-BUstpHpHXH_eRHseRHA17Hpeho_yDUSHp9fh5gaUEUMuNZM2jZJ2M33NGPMep_Mh-qMY2_1H7o1Y1e9PvucWR_1z0o1OJe_uvuJVdZ3BRqujp1SByH7ND3uxGqMVAZ_g-qjBO_320oJYJu9P6ucHF_S2V81Nk192617BpZ3O7QcuygIgsQu-Myp-6PMoWu3Bvq1BRZ3BRq3-W69ugHBu2_fB-HBBkqcOvzJBN_7HhQ1NE392HuVVE_1zoPJYI_Mhq1pVt392mq7O1z92oQ1BR392Vq1hAZSgsQ3hXyurOgB2IuSPyHMh0Z325q1OAZ9o-Q_BNyuPjrc-D69PsQ_B0gVP6HVKaQcW-qMY2_1o-r7BW69BxufzFyMFN8MVI69PyHMh0Z325q1OAZ9o-Qjyh3BxGouKp1MxqH7O2_fBGgjOk3_u6QAxR3I2mgjOc63gozsxR3I2mgjOAZ9o-QjNkysoGQVKaZSBiHfzE3Bo-ojBk_92o8_zd_jzs81NJyRP6uVVE_jzVH1N2Z9o-QjNkysoGQVKp_Mhg3J2ky1o-ojBku_-o1pzN_M208JNE3_-vuJOE_S2S8JBXHA7ibm-sQIupPcua9fBj9RyaUsta6AJ7HZFigR-5P9CwrRzay9zBgRji6BDhbA-Pbm-FrMBsguYiq3ei6sJOHAnDUMP5y3hwq3ei6soY?pub_domain=0&page=1&management_type=1&dv=desktop&pub_unit=0&ob=23&t=desktop&pub_id=0&r=https%3A%2F%2Fwww.tokopedia.com%2Fhouseoforganix%2Fvanilla-bean-biji-vanilla-10-gr%3Fsrc%3Dtopads&src=directory,https://www.tokopedia.com/p/makanan-minuman/bahan-kue
100% Dark Chocolate Powder / Bubuk Coklat Asli Premium 100g,Rp74.990,Rp74.990,Jakarta Barat,https://www.tokopedia.com/https://ta.tokopedia.com/promo/v1/clicks/8a-xgVY2gmUE6AedopyaH_UDUMVj9RzNrc1i6sJDUSupg9-wq3ei6iUFUiFiPcBWgZUEH_rho_rOHpn7omFiyRCsUstho_nFbm-FQRo2PcB5QiUEomFiy3hSUstiyfV7g3P5rSBwySBwrI-5gIusPmUDUMNOQ3-BrBY5gBYxgIHi6sJObm-XP3Oig9-wy3zp9R-BrZUEH_1DUMoxPVY2gIHi6BDpoZFaosjfbAURopzPbm-X9foxQMz2gcV7guYxgIHi6sJ7HmFiy3-wPcupPmUEUjdibm-FQRo79fVDgaUEUMzBgiUDUSgBrSo2Qfdi6i-fHiUDUMVj9RosQR-BUstpoArXHpUho_KFop1FHsU7o_eDUSHp9fh5gaUEUMuNZM2jZJ2M33NGPMep_Mh-qMY2_1H7HjO1__CvuVjO_92-H1O1u92o8MHFZ3BRqujp1SByH7ND3uxGqMVAZ_g-qBVO_BzzH1NJu_C6uVJh_jzuHJN11_--q9P2y_-3o3ea69BqzsBE3_UN8u2_Z_g-qjV2_JoGP3Uao32q17jfZ32qq1YI3_zoqjj7_VPgH7Nk_9z6zJOR_9jFoVjauMhHu7gk_1Pz8JO1_9Bgqj-k_uo-r7BW69BxufzFyMFNqO2yeMgxuOV2_fB-P7B2PfBiH72F3s-DPuKpeSBiHBUh3_oZgMV913Bvq1BRZ3BRq3UpZSCqHMhO3Ao6QfUpeMgxuOV2_fB-P7B2PfBs3VgDyfNDgMzIzMNs81jfZ3Fd81Nkqp-y8j-M_1ydPOKh6IPy8j-M_1ydP7B2PfBsHjNfyfO3gBBXZSgjH7NDZ325q1OE1_oHqjON_uzuoJOJypVozJBN_jzuHJB2PfBsHjNfyfO3gMHauMxsQ1N5Z325q1N1Z_uHqj7a_M2z8jY1qRxoqBVN_Bzzq3gzv_7ibm-sQIupPcua9fBj9RyaUstpH_KR6ZFirI-2yfuwyMBjUstho_nFbm-SQfVD9fBjUstpwe?src=directory&pub_id=0&pub_unit=0&t=desktop&management_type=1&ob=23&page=1&dv=desktop&pub_domain=0&r=https%3A%2F%2Fwww.tokopedia.com%2Fhomelabid%2F100-dark-chocolate-powder-bubuk-coklat-asli-premium-100g%3Fsrc%3Dtopads,https://www.tokopedia.com/p/makanan-minuman/bahan-kue
"SAF INSTANT BLUE, Dry Yeast Ragi Kering Instant per 500 gr",Rp52.800,Rp52.800,Jakarta Barat,https://www.tokopedia.com/https://ta.tokopedia.com/promo/v1/clicks/8a-xgVY2gmUEH_yaHsjdH_J7bm-xgVY789CBUsthbm-Orfua9fBjUstiHmUDUSz2Q31i6sJRH_1Ro_HFoAeDUMoFyaUEH_eFHmFircYpq9z2Qfdi6s1DUMVDgaUEUMoxPcuSQR-N9f-N9RCaQfzOyReibm-XP3Oig9-wQfgwy3zpUsthoZFiQSuWyMua9fVjrOYag9Ji6sJObm-sy9zwq3zpUs2QHp1DHsyNoiFaoprF9ZFiQBYsy3Njq3zxPcuwy3zpUsthoAnDUMVi9RzBrRei6i-6UiFircYpPVYxQcri6i-jg3yibm-fg9-pq3YXUstiPsUibm-xgVYpyfYagZUEHpUfbsKNH_ehH_JfH_jdH_U7bm-pHOYDQfri6i-B812kgJxGgBBXZSgjH7NDZ325q1OAZ9o-Q1dFyfFN8B29zSBgHMP2_fB-81hk19xvuJ7h_jzS8jYJyRPvuVjp_S2uq1hAZS-q3cFpysoGqOKp_M2iH72DZ325q1OAZ9o-Q_ufyMO6QJBkQfB6Q1j73M2S81OkgRzqqMHa_9jFHJOEe92Hucxk3BPuPVB9_9PqzJud_92Gq1OI_9x-q9P2ysoGrVtaQIuyHB-Dy7yNrV2AZ_g-qjV2_JoGPMoWQcNxupuMy7xGPB2UuM2jzsBF3jo-ojBke3BHe72fyfODQMV9o3gsHMxfy7yNrV2AZ_g-qjV2_JoG8cz9uSBBusjF3uPj8jBkQfBy8jja_OzqgjOc6IPy8j-M3I2mgjOc6IPy8jV2_JoG8Bja69BqusB2yf7NHfHau3Bvq1BE_32gP1YJqRx6zJud_uzg8JY1gRxoqBV2_JoG8Bja69BqusBE3BPc8ujagfBvq1jh_1zuP1Ok3_zo8Bud_M20oJNE1_u6uVV2gBJYvZUDUMoDP9o7g9-wq3zwPsUi6sefoAUDUSCaq3oB9f-2gmUEH_eFHmFigfYxQVY2gmUEHR7?dv=desktop&src=directory&pub_domain=0&r=https%3A%2F%2Fwww.tokopedia.com%2Fsaf-instant%2Fsaf-instant-blue-dry-yeast-ragi-kering-instant-per-500-gr%3Fsrc%3Dtopads&t=desktop&pub_unit=0&management_type=2&pub_id=0&page=1&ob=23,https://www.tokopedia.com/p/makanan-minuman/bahan-kue
Dark cacao Raw cocoa powder Bubuk coklat cokelat organik premium murni,Rp36.500,Rp36.500,Jakarta Utara,https://www.tokopedia.com/https://www.tokopedia.com/orgenicst/dark-cacao-raw-cocoa-powder-bubuk-coklat-cokelat-organik-premium-murni-dark-125gr?extParam=ivf%3Dfalse%26whid%3D12669178,https://www.tokopedia.com/p/makanan-minuman/bahan-kue
BAKING SODA MERK Arm & Hammer Baking Soda 454gr,Rp23.500,Rp23.500,Jakarta Timur,https://www.tokopedia.com/https://www.tokopedia.com/kaifafoodcom/baking-soda-merk-arm-hammer-baking-soda-454gr?extParam=ivf%3Dtrue%26whid%3D7884224,https://www.tokopedia.com/p/makanan-minuman/bahan-kue
"Gelatin Bubuk / Gelatin Sapi, Gelatin Powder HAYS ",Rp19.900,Rp19.900,Jakarta Utara,https://www.tokopedia.com/https://www.tokopedia.com/haysfoodofficial/gelatin-bubuk-gelatin-sapi-gelatin-powder-hays?extParam=ivf%3Dfalse,https://www.tokopedia.com/p/makanan-minuman/bahan-kue
Baking Powder 45gr,Rp5.800,Rp5.800,Jakarta Utara,https://www.tokopedia.com/https://www.tokopedia.com/koepoe-koepoe/baking-powder-45gr?extParam=ivf%3Dfalse,https://www.tokopedia.com/p/makanan-minuman/bahan-kue
Raw Cacao Powder,Rp121.000,Rp121.000,Jakarta Selatan,https://www.tokopedia.com/https://www.tokopedia.com/timurasaindonesi/raw-cacao-powder?extParam=ivf%3Dfalse,https://www.tokopedia.com/p/makanan-minuman/bahan-kue
Beorganik Gelatine Powder / Bubuk Gelatin 70gr,Rp25.000,Rp25.000,Jakarta Barat,https://www.tokopedia.com/https://www.tokopedia.com/beorganik/beorganik-gelatine-powder-bubuk-gelatin-70gr?extParam=ivf%3Dfalse,https://www.tokopedia.com/p/makanan-minuman/bahan-kue
Vanilla Extract 75ml,Rp54.900,Rp54.900,Jakarta Utara,https://www.tokopedia.com/https://www.tokopedia.com/houseoforganix/vanilla-extract-75ml?extParam=ivf%3Dfalse,https://www.tokopedia.com/p/makanan-minuman/bahan-kue
Soda Kue 81gr,Rp4.800,Rp4.800,Jakarta Utara,https://www.tokopedia.com/https://www.tokopedia.com/koepoe-koepoe/soda-kue-81gr?extParam=ivf%3Dfalse,https://www.tokopedia.com/p/makanan-minuman/bahan-kue
Bubuk / Powder Matcha - 200g,Rp85.990,Rp85.990,Jakarta Barat,https://www.tokopedia.com/https://www.tokopedia.com/homelabid/bubuk-powder-matcha-200g?extParam=ivf%3Dtrue,https://www.tokopedia.com/p/makanan-minuman/bahan-kue
Sodium Bicarbonate / Soda Kue / Baking Soda 1Kg,Rp12.000,Rp12.000,Tangerang Selatan,https://www.tokopedia.com/https://www.tokopedia.com/multijayakimia/sodium-bicarbonate-soda-kue-baking-soda-1kg?extParam=ivf%3Dfalse,https://www.tokopedia.com/p/makanan-minuman/bahan-kue
Callebaut 811 dark balance 55% 500 gr Choco Couveture chocolate coin,Rp140.000,Rp140.000,Tangerang Selatan,https://www.tokopedia.com/https://www.tokopedia.com/kochhaustgr/callebaut-811-dark-balance-55-500-gr-choco-couveture-chocolate-coin?extParam=ivf%3Dfalse,https://www.tokopedia.com/p/makanan-minuman/bahan-kue
JennToys - Forisa Mom's Recipe PUYO Puding Silky Pudding Pouch,Rp8.800,Rp8.800,Jakarta Utara,https://www.tokopedia.com/https://www.tokopedia.com/jenntoys/jenntoys-forisa-mom-s-recipe-puyo-puding-silky-pudding-pouch-pouch-bubgum?extParam=ivf%3Dfalse,https://www.tokopedia.com/p/makanan-minuman/bahan-kue
Koepoe Pewarna Makanan Koepoe Kupu Foodgrade Food Coloring 30ml,Rp4.050,Rp4.050,Tangerang,https://www.tokopedia.com/https://www.tokopedia.com/angelalee/koepoe-pewarna-makanan-koepoe-kupu-foodgrade-food-coloring-30ml-kuning-telur-5cd4b?extParam=ivf%3Dfalse,https://www.tokopedia.com/p/makanan-minuman/bahan-kue
Edible Flowers Mix 30 Pcs,Rp65.000,Rp65.000,Jakarta Selatan,https://www.tokopedia.com/https://www.tokopedia.com/gopetalz/edible-flowers-mix-30-pcs?extParam=ivf%3Dfalse,https://www.tokopedia.com/p/makanan-minuman/bahan-kue
TIGERSON FONDANT SUPER FONDANT PREMIUM REPACK 500 GRAM,Rp39.000,Rp39.000,Jakarta Utara,https://www.tokopedia.com/https://www.tokopedia.com/ledolciid/tigerson-fondant-super-fondant-premium-repack-500-gram?extParam=ivf%3Dfalse,https://www.tokopedia.com/p/makanan-minuman/bahan-kue
TOFFIECO PERISA PERASA MAKANAN PASTA 100 GR VANILLA COKLAT PANDAN DLL,Rp28.500,Rp28.500,Jakarta Utara,https://www.tokopedia.com/https://www.tokopedia.com/ledolciid/toffieco-perisa-perasa-makanan-pasta-100-gr-vanilla-coklat-pandan-dll-pandan?extParam=ivf%3Dfalse,https://www.tokopedia.com/p/makanan-minuman/bahan-kue
nutrijell bubuk jelly instan kemasan ekonomis 10gr,Rp1.700,Rp1.700,Surabaya,https://www.tokopedia.com/https://www.tokopedia.com/littledevan/nutrijell-bubuk-jelly-instan-kemasan-ekonomis-10gr-mango?extParam=ivf%3Dfalse,https://www.tokopedia.com/p/makanan-minuman/bahan-kue
Bakmi GM - Bakmi Doank (Mi Mentah) Frozen,Rp41.500,Rp41.500,Jakarta Pusat,https://www.tokopedia.com/https://www.tokopedia.com/bakmigm/bakmi-gm-bakmi-doank-mi-mentah-frozen?extParam=ivf%3Dfalse%26whid%3D8825047,https://www.tokopedia.com/p/makanan-minuman/bahan-kue
kulit kebab gandum tortilla/Halal/Wrap Salad,Rp22.900,Rp22.900,Jakarta Timur,https://www.tokopedia.com/https://www.tokopedia.com/kirei2510/kulit-kebab-gandum-tortilla-halal-wrap-salad-17-cm?extParam=ivf%3Dfalse,https://www.tokopedia.com/p/makanan-minuman/bahan-kue
PEWARNA MAKANAN KOEPOE KOEPOE 30ML + PUTIH 50GR,Rp4.200,Rp4.200,Jakarta Barat,https://www.tokopedia.com/https://www.tokopedia.com/mettaol/pewarna-makanan-koepoe-koepoe-30ml-putih-50gr-biru?extParam=ivf%3Dfalse,https://www.tokopedia.com/p/makanan-minuman/bahan-kue
Pewarna Makanan Sumbo koepoe Kupu 30ml,Rp4.000,Rp4.000,Surabaya,https://www.tokopedia.com/https://www.tokopedia.com/tobakingmurahonline/pewarna-makanan-sumbo-koepoe-kupu-30ml-hijau-muda?extParam=ivf%3Dfalse,https://www.tokopedia.com/p/makanan-minuman/bahan-kue
ARM and HAMMER Pure Baking Soda | Food Grade | Product of USA,Rp17.500,Rp17.500,Jakarta Utara,https://www.tokopedia.com/https://www.tokopedia.com/foodempire/arm-and-hammer-pure-baking-soda-food-grade-product-of-usa-226-gr-32c42?extParam=ivf%3Dfalse,https://www.tokopedia.com/p/makanan-minuman/bahan-kue
Pasta Red Bell Perisa Makanan Penambah Aroma Redbell Food Flavoring,Rp6.000,Rp6.000,Jakarta Utara,https://www.tokopedia.com/https://www.tokopedia.com/morosenengjakarta/pasta-red-bell-perisa-makanan-penambah-aroma-redbell-food-flavoring-nangka-469f2?extParam=ivf%3Dfalse,https://www.tokopedia.com/p/makanan-minuman/bahan-kue
"La Dame in Vanilla extract, pilih varian ukuran",Rp57.000,Rp57.000,Jakarta Barat,https://www.tokopedia.com/https://www.tokopedia.com/sugarcraft/la-dame-in-vanilla-extract-pilih-varian-ukuran-50-ml?extParam=ivf%3Dfalse,https://www.tokopedia.com/p/makanan-minuman/bahan-kue
Kulit Lumpia Premium Jamin Kriuk Anti Sobek Tipis Lembut Halal MUI,Rp12.350,Rp12.350,Surabaya,https://www.tokopedia.com/https://www.tokopedia.com/macaumee/kulit-lumpia-premium-jamin-kriuk-anti-sobek-tipis-lembut-halal-mui?extParam=ivf%3Dtrue,https://www.tokopedia.com/p/makanan-minuman/bahan-kue
SILKY PUDDING Forisa Mom`s Recipe Puding Pouch / Pudot All Variant,Rp9.990,Rp9.990,Jakarta Utara,https://www.tokopedia.com/https://www.tokopedia.com/frozenmartjakarta/silky-pudding-forisa-mom-s-recipe-puding-pouch-pudot-all-variant-coklat?extParam=ivf%3Dfalse,https://www.tokopedia.com/p/makanan-minuman/bahan-kue
NUTRIJELL EKONOMIS PLAIN TANPA RASA 10 GR - 1 SACHET,Rp1.845,Rp1.845,Jakarta Utara,https://www.tokopedia.com/https://www.tokopedia.com/sahabatandasemua/nutrijell-ekonomis-plain-tanpa-rasa-10-gr-1-sachet?extParam=ivf%3Dfalse,https://www.tokopedia.com/p/makanan-minuman/bahan-kue
TERMURAH! ANCHOR BAKERS MIX BAKER MIX REPACK 1 KG,Rp58.300,Rp58.300,Jakarta Utara,https://www.tokopedia.com/https://www.tokopedia.com/ledolciid/termurah-anchor-bakers-mix-baker-mix-repack-1-kg?extParam=ivf%3Dfalse,https://www.tokopedia.com/p/makanan-minuman/bahan-kue
SODIUM BICARBONATE PURE 1 KG / SODA KUE / BAKING SODA ( FOOD GRADE ),Rp9.000,Rp9.000,Jakarta Utara,https://www.tokopedia.com/https://www.tokopedia.com/cliger/sodium-bicarbonate-pure-1-kg-soda-kue-baking-soda-food-grade-packing-biasa-682d2?extParam=ivf%3Dfalse,https://www.tokopedia.com/p/makanan-minuman/bahan-kue
Collins Dip Glaze 1 kg Topping Kue Donut Pisang,Rp34.000,Rp34.000,Surabaya,https://www.tokopedia.com/https://www.tokopedia.com/tobakingmurahonline/collins-dip-glaze-1-kg-topping-kue-donut-pisang-cappuccino?extParam=ivf%3Dfalse,https://www.tokopedia.com/p/makanan-minuman/bahan-kue
JANSEN Vanilla Extract Fine Perisa Vanila Paste Wangi 1000 ml GERMANY,Rp299.999,Rp299.999,Kab. Tangerang,https://www.tokopedia.com/https://ta.tokopedia.com/promo/v1/clicks/8a-xgVY2gmUEH_UO6_yaH_UNbm-xgVY789CBUsthbm-Orfua9fBjUstiHmUDUSz2Q31i6sJRH_1Ro_HFoAeDUMoFyaUEH_rOHmFircYpq9z2Qfdi6syDUMVDgaUEUMoxPcuSQR-N9f-N9RCaQfzOyReibm-XP3Oig9-wQfgwy3zpUsthoZFiQSuWyMua9fVjrOYag9Ji6sJObm-sy9zwq3zpUs2QHp1DHsyNoiFaopyN9ZFiQBYsy3Njq3zxPcuwy3zpUsthoAnDUMVi9RzBrRei6i-6UiFircYpPVYxQcri6i-jg3yibm-fg9-pq3YXUstiPsUibm-xgVYpyfYagZUEHpU7bs1NHsJfop176Aedo_U7bm-pHOYDQfri6i-B812kgJxGgBBXZSgjH7NDZ325q1OAZ9o-Q1dFyfFN8B29zSBgHMP2_fB-P7B2PfBxHByOgAUN8u2c692gHsBN3Bo-ojBke3BHe72OysUOqB2_Z_g-qB22_7PgoJOkZ_zHuOjp_M2oPJNJ_9Po8_n73_-3QJh9zM2ozOVd_uzo8uBkeM2o17BpZ37N83V9gICiQAB03BxmgMV913Bvq1BRZ3BRq3UpZSCqHMhO3Aom83Ua1sVgHO-MyuPzq1Y2Z9P-q9P2ysoGrVtaQIuyH7N5ysomgMV913Bvq1BRZ3BRq3oyuMhsQMhMgJPcQMoNZ_g-QAxN_M20HBxEeMgozsxR3AJdPOxEeMgozsxRZ3BRq3Ha_SgsQugM33NGPMep_Mh-qMY2_92-HJhku_uoqj1a_S2uHJYJ1_z6uJjFZ3BRq3Ha_SgsQugMyp-3qcoW_MY-qMY2_jz08jhk3_-vucWR_uzg81Y1gpo68juEZ3dFvZUDUMoDP9o7g9-wq3zwPsUi6sHfHAK7bm-FrMBsguYiq3ei6sJRo_nDUMP5y3hwq3ei6soY?t=desktop&r=https%3A%2F%2Fwww.tokopedia.com%2Fsomura-tbk%2Fjansen-vanilla-extract-fine-perisa-vanila-paste-wangi-1000-ml-germany-mauritius-vanil%3Fsrc%3Dtopads&dv=desktop&src=directory&ob=23&pub_domain=0&page=1&management_type=2&pub_id=0&pub_unit=0,https://www.tokopedia.com/p/makanan-minuman/bahan-kue
GUSTO Premium Flour Tortilla 30 cm 10 pc Burrito Wrap Kebab 12 inch,Rp95.000,Rp95.000,Tangerang,https://www.tokopedia.com/https://ta.tokopedia.com/promo/v1/clicks/8a-xgVY2gmUEH_JfHsyFo_Jdbm-xgVY789CBUsthbm-Orfua9fBjUstiHmUDUSz2Q31i6sJRH_1Ro_HFoAeDUMoFyaUEH_KOHmFircYpq9z2Qfdi6srDUMVDgaUEUMoxPcuSQR-N9f-N9RCaQfzOyReibm-XP3Oig9-wQfgwy3zpUsthoZFiQSuWyMua9fVjrOYag9Ji6sJObm-sy9zwq3zpUs2QHp1DHsyNoiFaopHh9ZFiQBYsy3Njq3zxPcuwy3zpUsthoAnDUMVi9RzBrRei6i-6UiFircYpPVYxQcri6i-jg3yibm-fg9-pq3YXUstiPsUibm-xgVYpyfYagZUEHpUObsHdHAURH_Kaosn7HsUObm-pHOYDQfri6i-B812kgJxGgBBXZSgjH7NDZ325q1OAZ9o-Q1dFyfFN8B29zSBgHMP2_fB-P7B2PfBxHByOgAUN8u2c692gHsBN3Bo-ojBke3BHe72OysUOqB2_Z_g-qB22_7PgoJOkZ_zHuOjp_M2oPJNJ_9Po8_n73_-3QJh9zM2ozOVd_uzo8uBkeM2o17BpZ37N83V9gICiQAB03BxmgMV913Bvq1BRZ3BRq3UpZSCqHMhO3Aom83Ua1sVgHO-MyuPzq1Y2Z9P-q9P2ysoGrVtaQIuyH7N5ysomgMV913Bvq1BRZ3BRq3oyuMhsQMhMgJPcQMoNZ_g-QAxN_M20HBxEeMgozsxR3AJdPOxEeMgozsxRZ3BRq3Ha_SgsQugM33NGPMep_Mh-qMY2_92-H1hk__zozJjp_uzS81Nke_CoqjjhZ3BRq3Ha_SgsQugMyp-3qcoW_MY-qMY2_jzs8jhkyRxouVBR_jzz81OEz_zouJ7pZ3dFvZUDUMoDP9o7g9-wq3zwPsUi6sUfH_Jfbm-FrMBsguYiq3ei6sJdo_nDUMP5y3hwq3ei6soY?t=desktop&src=directory&pub_unit=0&pub_domain=0&management_type=2&r=https%3A%2F%2Fwww.tokopedia.com%2Fmercadogeneral%2Fgusto-premium-flour-tortilla-30-cm-10-pc-burrito-wrap-kebab-12-inch%3Fsrc%3Dtopads&pub_id=0&page=1&dv=desktop&ob=23,https://www.tokopedia.com/p/makanan-minuman/bahan-kue
Mix Edible Flowers Fresh 30 pcs,Rp75.000,Rp75.000,Tangerang Selatan,https://www.tokopedia.com/https://ta.tokopedia.com/promo/v1/clicks/8a-xgVY2gmUEH_KF6_j76_Habm-xgVY789CBUsthbm-Orfua9fBjUstiHmUDUSz2Q31i6sJRH_1Ro_HFoAeDUMoFyaUEH_HFHmFircYpq9z2Qfdi6sKDUMVDgaUEUMoxPcuSQR-N9f-N9RCaQfzOyReibm-XP3Oig9-wQfgwy3zpUsthoZFiQSuWyMua9fVjrOYag9Ji6sJObm-sy9zwq3zpUs2QHp1DHsyNoiFaoprO9ZFiQBYsy3Njq3zxPcuwy3zpUsthoAnDUMVi9RzBrRei6i-6UiFircYpPVYxQcri6i-jg3yibm-fg9-pq3YXUstiPsUibm-xgVYpyfYagZUEHpJNbsUFHA1O6_H7Hs1FHp1DUSHp9fh5gaUEUMuNZM2jZJ2M33NGPMep_Mh-qMY2_1o-r7BW_sCsQABE3BPc8ujagfBvq1BRZ3BRq3JausujHsBN3jyN8Bja69Bq17jfZ32Cq1hAZSuiHsuk3Bo-ojBk3MBvzOj7_32-oJh93_o6qjO7_jzoP7ONHAzgHBgD_VPcqjOI19xouJON332mqjO_Z9o-Q_BNyuPjrc-D63Wq3J-MyuPzq1Y2Z9P-q9P2ysoGrVtaQIuyH7-Nys-ZHujp1MgxuOV2_fB-P7B2PfBiH72F3s-DPuKp_MYiH7-MyuPzq1Y2Z9P-q9P2yOx3QcoXQcgjz7gXyRB-ojBD6IB6qMDa3I2mgjOc6IPyH_xR3I2mgjOc6IP-q9P2yp-6PMoWuMggQj2fgAo6QJBkQfBo8j1O_c2-P7OJu_VvuJ7F_32uP7OEu3BHe72E3_UN8u23692qu7gN3_-Sq1Y2Z_C68jBO_9208JOEe_uozVjp_OzuH1O1u3BM1_7YUiFiyfhOrRzBrBY2gVYfHiUEH_rOH_UDUMPaQRuF9Ro7rMV7g3PNUs2QHZFa9ZFirI-2yfuwyMBjUsthHpnFbm-SQfVD9fBjUstpwe?page=1&t=desktop&r=https%3A%2F%2Fwww.tokopedia.com%2Fbplantation%2Fmix-edible-flowers-fresh-30-pcs%3Fsrc%3Dtopads&pub_unit=0&src=directory&ob=23&management_type=1&pub_domain=0&dv=desktop&pub_id=0,https://www.tokopedia.com/p/makanan-minuman/bahan-kue
Edo Puff Pastry Sheet | Kulit Pastry Zuppa Frozen Siap Pakai - MINI PUFF,Rp27.900,Rp27.900,Tangerang Selatan,https://www.tokopedia.com/https://ta.tokopedia.com/promo/v1/clicks/8a-xgVY2gmUEH_jFHsyNo_UFbm-xgVY789CBUsthbm-Orfua9fBjUstiHmUDUSz2Q31i6sJRH_1Ro_HFoAeDUMoFyaUEop1Fbm-FQRo2PcB5QiUE6ZFiy3hSUstiyfV7g3P5rSBwySBwrI-5gIusPmUDUMNOQ3-BrBY5gBYxgIHi6sJObm-XP3Oig9-wy3zp9R-BrZUEH_1DUMoxPVY2gIHi6BDpoZFaosjfbAURHpVPbm-X9foxQMz2gcV7guYxgIHi6sJ7HmFiy3-wPcupPmUEUjdibm-FQRo79fVDgaUEUMzBgiUDUSgBrSo2Qfdi6i-fHiUDUMVj9RosQR-BUstpH_1XHsKO6AHdHsyNo_nF6mFirpowQcYSUstig9BGqMzUZMggQj2fgAo6QJBkQfBoe7BpZ3O6HcoD692qu7gN3_-Sq1Y2Z_-HqBJh_uzg8JOkqRPo8jBN_BzSP7N2Z9o-Q9zDguxjPMoW1MgsHjNfyfOuq1Y2Z9P-q9P2yM7NPujau3Bvq1ja332tQ1YJZ9BvepVW_S2g8jh1192ozJO7_7P6QV2_H3xg8j-0_uzV8jOWZ9Pg8ju2_JoGPMoWQcNxupuM3jP3POKaQcW-qMY2_1o-r7BW69BxufzFyMFNPfoW63Wju7dF3A-Dq7BkQfBoe7BpZ37N83V9gICiQABEy1rNPOKaQcW-qMY2_1o-r7BXzsVq3JtO3AoZqVtp_3Bvq12M_32go1ND6IPy8j-M_1yNgjOc6IPy8j-M_1o-r7BX_M2iH72D3A-G83UpgI2q17jfZ32o8JN_oIBvzV17_92S81NkqpVozJJ7Z3BRq3Ha_SgsQugMyp-3qcoW_MY-qMY2_jzsP7hk392ouJJh_1zVP7Nkqpo6uVu2gBJYvZUDUMoDP9o7g9-wq3zwPsUi6sUh6_1dbm-FrMBsguYiq3ei6srOHmFigfYxQVY2gmUEHR7?ob=23&pub_unit=0&pub_id=0&management_type=1&dv=desktop&t=desktop&r=https%3A%2F%2Fwww.tokopedia.com%2Fkitakitofoods%2Fedo-puff-pastry-sheet-kulit-pastry-zuppa-frozen-siap-pakai-mini-puff-48b86%3Fsrc%3Dtopads&src=directory&pub_domain=0&page=1,https://www.tokopedia.com/p/makanan-minuman/bahan-kue
Vanilla Bean (Biji Vanilla) 25 Gr,Rp120.000,Rp120.000,Jakarta Utara,https://www.tokopedia.com/https://ta.tokopedia.com/promo/v1/clicks/8a-xgVY2gmUEHpjNoAJaopnDUMVj9RzNrc1i6sJDUSupg9-wq3ei6iUFUiFiPcBWgZUEH_rho_rOHpn7omFiyRCsUsthop1Fbm-FQRo2PcB5QiUEH_nDUMVDgaUEUMoxPcuSQR-N9f-N9RCaQfzOyReibm-XP3Oig9-wQfgwy3zpUsthoZFiQSuWyMua9fVjrOYag9Ji6sJObm-sy9zwq3zpUs2QHp1DHsyNoiFaopyN9ZFiQBYsy3Njq3zxPcuwy3zpUsthoAnDUMVi9RzBrRei6i-6UiFircYpPVYxQcri6i-jg3yibm-fg9-pq3YXUstiPsUibm-xgVYpyfYagZUEHpHabsrFoAjOHsKhHsHh6_JDUSHp9fh5gaUEUMuNZM2jZJ2M33NGPMep_Mh-qMY2_1H7H7NE_9xvuV17_S2g81YJgp-6ucD7Z3BRqujp1SByH7ND3uxGqMVAZ_g-qMWO_1z0P7Y1e_uozcWR_OzCo1OJqRB-q9P2y_-3o3ea69BqzsBE3_UN8u2_Z_g-qjV2_JoGP3Uao32q17jfZ32qq1YI3_zoqjj7_VPgH7Nk_9z6zJOR_9jFoVjauMhHu7gk_1Pz8JO1_9Bgqj-k_uo-r7BW69BxufzFyMFNqO2yeMgxuOV2_fB-P7B2PfBiH72F3s-DPuKpeSBiHBUh3_oZgMV913Bvq1BRZ3BRq3UpZSCqHMhO3Ao6QfUpeMgxuOV2_fB-P7B2PfBs3VgDyfNDgMzIzMNs81jfZ3Fd81Nkqp-y8j-M_1ydPOKh6IPy8j-M_1ydP7B2PfBsHjNfyfO3gBBXZSgjH7NDZ325q1OE_9BHqMoR_jz0H1OkgRxoqjOd_OzVq1hAZS2gHsBN3ByN8B29zSBgHMP2_fB-HJNEe9uoucDa_920HjN1__-oqj7h_7oG6ZUDUMoDP9o7g9-wq3zwPsUi6sH76Ardbm-SrMYOrVYpPI-xPcuS8ZUE3pJDHB7DUSCaq3oB9f-2gmUEH_rOHmFigfYxQVY2gmUEHR7?pub_unit=0&page=1&dv=desktop&pub_domain=0&src=directory&t=desktop&r=https%3A%2F%2Fwww.tokopedia.com%2Fhouseoforganix%2Fvanilla-bean-biji-vanilla-25-gr%3Fsrc%3Dtopads&pub_id=0&ob=23&management_type=1,https://www.tokopedia.com/p/makanan-minuman/bahan-kue
Pewarna makanan koepoe 30ml,Rp3.915,Rp3.915,Kab. Bandung,https://www.tokopedia.com/https://www.tokopedia.com/sumoboxid/pewarna-makanan-koepoe-30ml-merah-cabe?extParam=ivf%3Dfalse,https://www.tokopedia.com/p/makanan-minuman/bahan-kue
Puff Pastry Sheet Edo,Rp41.000,Rp41.000,Jakarta Barat,https://www.tokopedia.com/https://www.tokopedia.com/bakingstorejakartabarat/puff-pastry-sheet-edo?extParam=ivf%3Dfalse,https://www.tokopedia.com/p/makanan-minuman/bahan-kue
Tako Leg Cut 1kg - Kaki Gurita Potong - Boiler Cut Octopus,Rp51.000,Rp51.000,Jakarta Utara,https://www.tokopedia.com/https://www.tokopedia.com/salmon89/tako-leg-cut-1kg-kaki-gurita-potong-boiler-cut-octopus-500gram?extParam=ivf%3Dfalse,https://www.tokopedia.com/p/makanan-minuman/bahan-kue
SILKY PUDING 155 GRAM FORISA MOMS RECIPES RESEP PUYO COKELAT ALPUKAT,Rp9.119,Rp9.119,Bandung,https://www.tokopedia.com/https://www.tokopedia.com/8mart/silky-puding-155-gram-forisa-moms-recipes-resep-puyo-cokelat-alpukat-bubblegum-pouch?extParam=ivf%3Dfalse,https://www.tokopedia.com/p/makanan-minuman/bahan-kue
BAKING SODA MERK Arm & Hammer Baking Soda 454GR USA Import,Rp22.999,Rp22.999,Kab. Tangerang,https://www.tokopedia.com/https://www.tokopedia.com/somura-tbk/baking-soda-merk-arm-hammer-baking-soda-454gr-usa-import?extParam=ivf%3Dfalse,https://www.tokopedia.com/p/makanan-minuman/bahan-kue
Rumavin - Premium Bumbu Tabur Black Truffle,Rp239.000,Rp239.000,Kab. Tangerang,https://www.tokopedia.com/https://www.tokopedia.com/rumahvins/rumavin-premium-bumbu-tabur-black-truffle-500gr-9268c?extParam=ivf%3Dtrue,https://www.tokopedia.com/p/makanan-minuman/bahan-kue
SP KOEPOE KOEPOE (1kg),Rp72.000,Rp72.000,Jakarta Utara,https://www.tokopedia.com/https://www.tokopedia.com/koepoe-koepoe/sp-koepoe-koepoe-1kg?extParam=ivf%3Dfalse,https://www.tokopedia.com/p/makanan-minuman/bahan-kue
NUTRIJELL PUDING SUSU SANTAN 145 GRAM COKLAT MANGGA VANILA PANDAN,Rp8.601,Rp8.601,Bandung,https://www.tokopedia.com/https://www.tokopedia.com/8mart/nutrijell-puding-susu-santan-145-gram-coklat-mangga-vanila-pandan-belgian-coklat?extParam=ivf%3Dfalse,https://www.tokopedia.com/p/makanan-minuman/bahan-kue
Kulit Pangsit Siomay Dimsum Bulat Mee Macau | 150 Gram | Halal MUI,Rp6.400,Rp6.400,Surabaya,https://www.tokopedia.com/https://www.tokopedia.com/macaumee/kulit-pangsit-siomay-dimsum-bulat-mee-macau-150-gram-halal-mui-putih?extParam=ivf%3Dtrue,https://www.tokopedia.com/p/makanan-minuman/bahan-kue
Ragi Tempe Raprima 500gr,Rp16.000,Rp16.000,Jakarta Utara,https://www.tokopedia.com/https://www.tokopedia.com/ragiraprimatempe/ragi-tempe-raprima-500gr?extParam=ivf%3Dfalse,https://www.tokopedia.com/p/makanan-minuman/bahan-kue
Jelly Nutrijell Ekonomis,Rp1.900,Rp1.900,Surabaya,https://www.tokopedia.com/https://www.tokopedia.com/tobakingmurahonline/jelly-nutrijell-ekonomis-blueberry-10gr?extParam=ivf%3Dfalse,https://www.tokopedia.com/p/makanan-minuman/bahan-kue
Elmer DIP GLAZE 200gr (Rasa Lengkap),Rp10.500,Rp10.500,Kab. Tangerang,https://www.tokopedia.com/https://www.tokopedia.com/bellsallshop/elmer-dip-glaze-200gr-rasa-lengkap-white-vanilla?extParam=ivf%3Dfalse,https://www.tokopedia.com/p/makanan-minuman/bahan-kue
Toffieco Pasta 100 gr Tofieco Moka Tofico Vanilla Pandan Zero Bakar,Rp28.900,Rp28.900,Jakarta Barat,https://www.tokopedia.com/https://www.tokopedia.com/kitchenmallofficial/toffieco-pasta-100-gr-tofieco-moka-tofico-vanilla-pandan-zero-bakar-coklat-100g?extParam=ivf%3Dfalse,https://www.tokopedia.com/p/makanan-minuman/bahan-kue
Puding bertekstur lembut Puyo premix Mom's Recipe SILKY PUDDING,Rp8.900,Rp8.900,Jakarta Utara,https://www.tokopedia.com/https://www.tokopedia.com/bimbozone/puding-bertekstur-lembut-puyo-premix-mom-s-recipe-silky-pudding-pouch-bubblegum?extParam=ivf%3Dfalse,https://www.tokopedia.com/p/makanan-minuman/bahan-kue
Collins Dip Glaze 1kg All Varian / Topping Pasta Coklat Donat Pisang,Rp34.000,Rp34.000,Bandung,https://www.tokopedia.com/https://www.tokopedia.com/buanachem/collins-dip-glaze-1kg-all-varian-topping-pasta-coklat-donat-pisang-capucino?extParam=ivf%3Dfalse,https://www.tokopedia.com/p/makanan-minuman/bahan-kue
SILKY PUDING 155 GRAM FORISA MOMS RECIPES RESEP PUYO COKELAT ALPUKAT,Rp9.209,Rp9.209,Bandung,https://www.tokopedia.com/https://www.tokopedia.com/jojoshopofficial/silky-puding-155-gram-forisa-moms-recipes-resep-puyo-cokelat-alpukat-leci-pouch?extParam=ivf%3Dfalse,https://www.tokopedia.com/p/makanan-minuman/bahan-kue
Pastel Ayam Resep Mertua,Rp9.500,Rp9.500,Jakarta Barat,https://www.tokopedia.com/https://www.tokopedia.com/pastelrspmertua/pastel-ayam-resep-mertua-matang?extParam=ivf%3Dfalse,https://www.tokopedia.com/p/makanan-minuman/bahan-kue
Bimbozone - Nutrijel Puding susu agar NUTRIJELL PUDDING SUSU,Rp8.700,Rp8.700,Jakarta Utara,https://www.tokopedia.com/https://www.tokopedia.com/bimbozone/bimbozone-nutrijel-puding-susu-agar-nutrijell-pudding-susu-ps-melon?extParam=ivf%3Dfalse,https://www.tokopedia.com/p/makanan-minuman/bahan-kue
NUTRIJELL PUDING SUSU SANTAN 145 GRAM COKLAT MANGGA VANILA PANDAN,Rp8.601,Rp8.601,Bandung,https://www.tokopedia.com/https://www.tokopedia.com/jojoshopofficial/nutrijell-puding-susu-santan-145-gram-coklat-mangga-vanila-pandan-belgian-coklat?extParam=ivf%3Dfalse,https://www.tokopedia.com/p/makanan-minuman/bahan-kue
Kelapa Parut Kering / Dried Coconut Flakes - HAYS,Rp11.900,Rp11.900,Jakarta Utara,https://www.tokopedia.com/https://www.tokopedia.com/haysfoodofficial/kelapa-parut-kering-dried-coconut-flakes-hays?extParam=ivf%3Dfalse,https://www.tokopedia.com/p/makanan-minuman/bahan-kue
Pure Baking Soda Arm and Hammer,Rp30.000,Rp30.000,Depok,https://www.tokopedia.com/https://www.tokopedia.com/sammycorner/pure-baking-soda-arm-and-hammer-454-gr?extParam=ivf%3Dfalse,https://www.tokopedia.com/p/makanan-minuman/bahan-kue
Collins Dip Glaze 1 Kg (All Varian),Rp32.200,Rp32.200,Jakarta Barat,https://www.tokopedia.com/https://www.tokopedia.com/terrayummy/collins-dip-glaze-1-kg-all-varian-milk?extParam=ivf%3Dfalse,https://www.tokopedia.com/p/makanan-minuman/bahan-kue
Nutrijell Jelly Powder 15gr,Rp4.449,Rp4.449,Jakarta Pusat,https://www.tokopedia.com/https://www.tokopedia.com/durenjatohan/nutrijell-jelly-powder-15gr-melon?extParam=ivf%3Dfalse,https://www.tokopedia.com/p/makanan-minuman/bahan-kue
Sitrun Asli Cap Gajah 1kg/ Citric Acid 1 Kilo Gram/ Asam Citrun REPACK,Rp29.000,Rp29.000,Jakarta Barat,https://www.tokopedia.com/https://www.tokopedia.com/sauzan/sitrun-asli-cap-gajah-1kg-citric-acid-1-kilo-gram-asam-citrun-repack?extParam=ivf%3Dfalse,https://www.tokopedia.com/p/makanan-minuman/bahan-kue
Arm & Hammer Baking Soda 2.26kg - Pure Bakingsoda USA Arm Hammer,Rp83.500,Rp83.500,Jakarta Utara,https://www.tokopedia.com/https://www.tokopedia.com/desupplies/arm-hammer-baking-soda-2-26kg-pure-bakingsoda-usa-arm-hammer?extParam=ivf%3Dfalse,https://www.tokopedia.com/p/makanan-minuman/bahan-kue
TOFFIECO PASTA 100 GRAM ANEKA RASA [ Red Velvet / Mocca / Dll ],Rp29.990,Rp29.990,Jakarta Utara,https://www.tokopedia.com/https://www.tokopedia.com/grocery-hall/toffieco-pasta-100-gram-aneka-rasa-red-velvet-mocca-dll-durian?extParam=ivf%3Dfalse,https://www.tokopedia.com/p/makanan-minuman/bahan-kue
endapan air pandan,Rp40.000,Rp40.000,Jakarta Barat,https://www.tokopedia.com/https://www.tokopedia.com/yuumeebakingstore/endapan-air-pandan?extParam=ivf%3Dfalse,https://www.tokopedia.com/p/makanan-minuman/bahan-kue
Manhattan French 60ML Rum Raisin Vanilla Cake,Rp135.000,Rp135.000,Surabaya,https://www.tokopedia.com/https://www.tokopedia.com/subvl/manhattan-french-60ml-rum-raisin-vanilla-cake?extParam=ivf%3Dfalse,https://www.tokopedia.com/p/makanan-minuman/bahan-kue
Ragi Fermipan Sachet 4x11gr,Rp17.500,Rp17.500,Tangerang,https://www.tokopedia.com/https://www.tokopedia.com/berkat-tangerang/ragi-fermipan-sachet-4x11gr?extParam=ivf%3Dfalse,https://www.tokopedia.com/p/makanan-minuman/bahan-kue
Nutrijell Pudding,Rp8.350,Rp8.350,Surabaya,https://www.tokopedia.com/https://www.tokopedia.com/tobakingmurahonline/nutrijell-pudding-melon?extParam=ivf%3Dfalse,https://www.tokopedia.com/p/makanan-minuman/bahan-kue
swallow globe agar,Rp48.400,Rp48.400,Jakarta Pusat,https://www.tokopedia.com/https://ta.tokopedia.com/promo/v1/clicks/8a-xgVY2gmUEH_Jp6_HNopnNbm-xgVY789CBUsthbm-Orfua9fBjUstiHmUDUSz2Q31i6sJRH_1Ro_HFoAeDUMoFyaUEH_1FHmFircYpq9z2Qfdi6sJhbm-xQcri6i-sy9zBgfYa8uYi8uYFrMYjP3o7UiFiQSuWyMua9fYM9fVjraUEH_1DUMNOQ3-BrBYxgIowrMuhUsthoZFiyfV79fBjraUE3pHObAUf6_yDHsrRoB7DUMNwyfVXgcBjy9zB9fVjraUEH_eFbm-xyBY7g9o7Usti_iUDUSC5rRzwy3hSUstigcuMUiFiPMuarfB5QiUEUSyaUiFiy3zwrfo5rM1i6sH7oadaHAHNHsedHs1aHsHObm-pHOYDQfri6i-B812kgJxGgBBXZSgjH7NDZ325q1O2oACo8MWR_32z8jY1e9B6zJ7O_1z-HJB2PfBgHO-N3Ao6QVByZM2xe7jfZ32SP1O1392oqBjh_92CHjO1Z9B6zVu2_JoGrB2yQAoiH7203Ao6qMUpZMh-qMY2_1o-r7BWo9giQ1NDZ325q1NWZ_zqqMPN_32SPV2kyp-o8_nF_92C8jh1qc2quOu73uPoPO2Jz9xo8j22_1Po8JB2PfBiH72F3s-DPuKa1MhszsBF3jo-ojBke3BHe72fyfODQMV9o3gsZJ2f3jx3qMzc69Cqe7jfZ32Cq1hAZSgsQ3hXyurOgMHaqIgszsBF3jo-ojBke3BHe72dgVP383u36_CgufzEZ325quxEZ_-vuV2M_1ydPOxEeMgy8j-M_1ydPOxEe3BHe72E3_UN8u2363BsQ_jpyp-uq1Y2Z926zcoO_32C8jY1Z_CvzJjh_32-8jN_Z9o-QjNkysoGQVKp_Mhg3J2ky1o-ojBk1_-61peF_Bzg8JOEe92o8Mrh_S20H1N2Zsjibm-sQIupPcua9fBj9RyaUstpHAUpoZFirI-2yfuwyMBjUstho_nFbm-SQfVD9fBjUstpwe?page=1&dv=desktop&ob=23&src=directory&pub_id=0&pub_domain=0&pub_unit=0&t=desktop&r=https%3A%2F%2Fwww.tokopedia.com%2F57healthstore%2Fswallow-globe-agar-merah-e28e2%3Fsrc%3Dtopads&management_type=2,https://www.tokopedia.com/p/makanan-minuman/bahan-kue
Wippy cream pouch 200 grm Haan,Rp29.999,Rp29.999,Jakarta Utara,https://www.tokopedia.com/https://ta.tokopedia.com/promo/v1/clicks/8a-xgVY2gmUEH_UhopHpH_JRbm-xgVY789CBUsthbm-Orfua9fBjUstiHmUDUSz2Q31i6sJRH_1Ro_HFoAeDUMoFyaUEH_HOHmFircYpq9z2Qfdi6sJabm-xQcri6i-sy9zBgfYa8uYi8uYFrMYjP3o7UiFiQSuWyMua9fYM9fVjraUEH_1DUMNOQ3-BrBYxgIowrMuhUsthoZFiyfV79fBjraUE3pHObAUf6_yDHsrRou7DUMNwyfVXgcBjy9zB9fVjraUEH_eFbm-xyBY7g9o7Usti_iUDUSC5rRzwy3hSUstigcuMUiFiPMuarfB5QiUEUSyaUiFiy3zwrfo5rM1i6sHaoidd6_naHsH7o_jfHAnNbm-pHOYDQfri6i-B812kgJxGgBBXZSgjH7NDZ325q1N_oAzvzJBE_Bz-o1NJz9x68BjF_SB-r7BW_sCsQABE3BPc8ujagfBvq1BRZ3BRq3JausujHsBN3jyN8Bja69Bq17jfZ32Cq1hAZSuiHsuk3Bo-ojBk3MBvzOj7_32-oJh93_o6qjO7_jzoP7ONHAzgHBgD_VPcqjOI19xouJON332mqjO_Z9o-Q_BNyuPjrc-D63Wq3J-MyuPzq1Y2Z9P-q9P2ysoGrVtaQIuyH7-Nys-ZHujp1MgxuOV2_fB-P7B2PfBiH72F3s-DPuKp_MYiH7-MyuPzq1Y2Z9P-q9P2yOx3QcoXQcgjz7gXyRB-ojBD6IB6qMDa3I2mgjOc6IPyH_xR3I2mgjOc6IP-q9P2yp-6PMoWuMggQj2fgAo6QJBkQfBo8jja_c2So1OJZ9Bo8BJh_OzgP7OJqfBHe72E3_UN8u23692qu7gN3_-Sq1Y2Z_C6ucPO_7zgHjNJgpuouVBd_jz-8JN1u3BM1_7YUiFiyfhOrRzBrBY2gVYfHiUEoAeRosJDUMPaQRuF9Ro7rMV7g3PNUs2QHZFa9ZFirI-2yfuwyMBjUsthHp1Fbm-SQfVD9fBjUstpwe?page=1&r=https%3A%2F%2Fwww.tokopedia.com%2Fbrconline%2Fwippy-cream-pouch-200-grm-haan%3Fsrc%3Dtopads&dv=desktop&pub_unit=0&t=desktop&management_type=1&pub_id=0&src=directory&ob=23&pub_domain=0,https://www.tokopedia.com/p/makanan-minuman/bahan-kue
Kulit Lumpia isi 50 lembar,Rp10.000,Rp10.000,Jakarta Utara,https://www.tokopedia.com/https://ta.tokopedia.com/promo/v1/clicks/8a-xgVY2gmUEH_naHsjNoAjfbm-xgVY789CBUsthbm-Orfua9fBjUstiHmUDUSz2Q31i6sJRH_1Ro_HFoAeDUMoFyaUEH_eFHmFircYpq9z2Qfdi6sJpbm-xQcri6i-sy9zBgfYa8uYi8uYFrMYjP3o7UiFiQSuWyMua9fYM9fVjraUEH_1DUMNOQ3-BrBYxgIowrMuhUsthoZFiyfV79fBjraUE3pHObAUf6_yDHsrpHu7DUMNwyfVXgcBjy9zB9fVjraUEH_eFbm-xyBY7g9o7Usti_iUDUSC5rRzwy3hSUstigcuMUiFiPMuarfB5QiUEUSyaUiFiy3zwrfo5rM1i6sHa6ZdFHAHN6AJaHsHF6AJ7bm-pHOYDQfri6i-B812kgJxGgBBXZSgjH7NDZ325q1OAoAVoqBBE_uzuH7YJqpC68j7a_7zz81B2PfBgHO-N3Ao6QVByZM2xe7jfZ32Vo1hk1_C6zVJF_jzzHJNJ1_C6zVJF_MB-r7BWPchB3czfyfOZgMHa_SgsQuu2_fB-P7B2PfBiQ_BO3_-uq1Y2Z_-gqMxW_7z-81YAH3O68BBE_Vzz8jOJ_9zvz7ND3BHhqVBEeMWouJuE_3O-POBEz3BHe72fyfODQMV9o3gqzOgR3A-Dq7BkQfBoe7BpZ37N83V9gICiQABRyf7Nqfz9_sCyHMh0Z325q1OAZ9o-Q_BNyuPjrc-D692xzpBR3A-Dq7BkQfBoe7BpZ3NcHu2yZsuyHO-t3sooq1Y2ZMgoqBjO_MFdPOxEeMgozsBM_1ydPOxEeMgoe7BpZ3N6qMUpZMhyHj2Nysoj8B2_Z_g-qjON_OH7P7OJ__uvzJuN_32oP7YJz_C-q9P2yp-6PMoWuMgsHBgtyfO6Q7BkQfB6zV17_c2V81O1u9xvzJJ7_920o1Nkz_C-QsnYUiFiyfhOrRzBrBY2gVYfHiUEHpyhHpKDUSCaq3oB9f-2gmUEH_eFHmFigfYxQVY2gmUEHR7?pub_unit=0&t=desktop&pub_domain=0&management_type=1&src=directory&pub_id=0&page=1&ob=23&r=https%3A%2F%2Fwww.tokopedia.com%2Fsuccessfreshmart%2Fkulit-lumpia-isi-50-lembar%3Fsrc%3Dtopads&dv=desktop,https://www.tokopedia.com/p/makanan-minuman/bahan-kue
ZEELANDIA - PALETTA FRUITFILL ISIAN NASTAR 1 KG - ISIIN BUAH NANAS,Rp55.500,Rp55.500,Tangerang,https://www.tokopedia.com/https://ta.tokopedia.com/promo/v1/clicks/8a-xgVY2gmUEHsJdo_edo_npbm-xgVY789CBUsthbm-Orfua9fBjUstiHmUDUSz2Q31i6sJRH_1Ro_HFoAeDUMoFyaUEH_jFHmFircYpq9z2Qfdi6sJ7bm-xQcri6i-sy9zBgfYa8uYi8uYFrMYjP3o7UiFiQSuWyMua9fYM9fVjraUEH_1DUMNOQ3-BrBYxgIowrMuhUsthoZFiyfV79fBjraUE3pHObAUf6_yDHsrRou7DUMNwyfVXgcBjy9zB9fVjraUEH_eFbm-xyBY7g9o7Usti_iUDUSC5rRzwy3hSUstigcuMUiFiPMuarfB5QiUEUSyaUiFiy3zwrfo5rM1i6sHp6mdRopjdHpHdo_HposJhomFirpowQcYSUstig9BGqMzUZMggQj2fgAo6QJBkQfBoepe7_S20H7Nku92vuV17_OzzHJOkgR2-q9P23_oZ8uKp_Mhg3J2ky1o-ojBke3BHe72a3BxDHfUpZMWyH7NkysoGQJBkQfBoe7BpZ37OPM-W_Mh-qMY2_MO-oV2kgRBoqMP73M2sHjONHACo8jVE_VztqB29u9zgu7OR3jzV8JOEZMBoz7OdZ3BRq3UpZSCqHMhO3A-ZQcoc69Cqe7jfZ32Cq1hAZSgsQ3hXyurOgMoUZSgqZVgkgJyNrV2AZ_g-qjV2_JoGPMoWQcNxupuMyp-tPMoc69Cqe7jfZ32Cq1hAZSxjuOgNguyNHVB9gI2-qMY23I2-HjY13MgozsxR3I2mgBxEeMgozsxR3I2Cq1hAZS2gHsBN3ByNq3oW6_osHBu2_fB-8jOEgRu68MHO_7zo8jYJu92o8BBd_uzzq1hAZS2gHsBN3ByN8B29zSBgHMP2_fB-HJNJ19uvuVBN_uzV81Nk1_oozJ1O_7oG6ZUDUMoDP9o7g9-wq3zwPsUi6sJ7opyhbm-FrMBsguYiq3ei6sJNHAnDUMP5y3hwq3ei6soY?page=1&ob=23&dv=desktop&pub_domain=0&management_type=1&pub_id=0&t=desktop&r=https%3A%2F%2Fwww.tokopedia.com%2Fzeelandiastore%2Fzeelandia-paletta-fruitfill-isian-nastar-1-kg-isiin-buah-nanas%3Fsrc%3Dtopads&pub_unit=0&src=directory,https://www.tokopedia.com/p/makanan-minuman/bahan-kue
Van Houten Professional Optimum Pure Cocoa Powder,Rp200.000,Rp200.000,Tangerang Selatan,https://www.tokopedia.com/https://ta.tokopedia.com/promo/v1/clicks/8a-xgVY2gmUEHsn7oAHaHA1Rbm-xgVY789CBUsthbm-Orfua9fBjUstiHmUDUSz2Q31i6sJRH_1Ro_HFoAeDUMoFyaUEH_JFHmFircYpq9z2Qfdi6sJObm-xQcri6i-sy9zBgfYa8uYi8uYFrMYjP3o7UiFiQSuWyMua9fYM9fVjraUEH_1DUMNOQ3-BrBYxgIowrMuhUsthoZFiyfV79fBjraUE3pHObAUf6_yDHsrRoV7DUMNwyfVXgcBjy9zB9fVjraUEH_eFbm-xyBY7g9o7Usti_iUDUSC5rRzwy3hSUstigcuMUiFiPMuarfB5QiUEUSyaUiFiy3zwrfo5rM1i6sHpomdNHprfHpeNosJOH_eNbm-pHOYDQfri6i-B812kgJxGgBBXZSgjH7NDZ325q1O_oA-ouJjO_1zo81Oku_zozVjF_BzVH1B2PfBgHO-N3Ao6QVByZM2xe7jfZ32Cq1hAZS-q3cFpysoGqOKp_M2iH72DZ325q1OAZ9o-Q_ufyMO6QJBkQfB6Q1j73M2S81OkgRzqqMHa_9jFHJOEe92Hucxk3BPuPVB9_9PqzJud_92Gq1OI_9x-q9P2ysoGrVtaQIuyHB-Dy7yNrV2AZ_g-qjV2_JoGPMoWQcNxupuMy7xGPB2UuM2jzsBF3jo-ojBke3BHe72fyfODQMV9o3gsHMxfy7yNrV2AZ_g-qjV2_JoG8cz9uSBBusjF3uPj8jBkQfBy8jja_OzqgjOc6IPy8j-M3I2mgjOc6IPy8jV2_JoG8Bja69BqusB2yf7NHfHau3Bvq1BE_92zP1Y1__o6qj7F_Ozg8JN1z_Cv17BpZ3N6qMUpZMhyH7ND3uxGqMVAZ_g-qBVE_BH7oJOE__ovzVVE_jzCP7Y11_V617tNUiFiyfhOrRzBrBY2gVYfHiUEosKaoaFirI-2yfuwyMBjUsthH_nFbm-SQfVD9fBjUstpwe?pub_id=0&management_type=2&t=desktop&r=https%3A%2F%2Fwww.tokopedia.com%2Ftoserbamerdekatangsel%2Fvan-houten-professional-optimum-pure-cocoa-powder-1-kg-f7109%3Fsrc%3Dtopads&page=1&src=directory&pub_unit=0&ob=23&dv=desktop&pub_domain=0,https://www.tokopedia.com/p/makanan-minuman/bahan-kue
