title,price,link,sold,location,category
"Yellow Corn Tortilla Frozen (Kulit Nachos), 100% Jagung, 500gr, 15cm",Rp29.000,https://ta.tokopedia.com/promo/v1/clicks/8a-xgVY2gmUEH_jp6AjRHpnDUMVj9RzNrc1i6sJDUSupg9-wq3ei6iUFUiFiPcBWgZUEH_rh6_1p6_JNoZFiyRCsUstpo_nFbm-FQRo2PcB5QiUEHZFiy3hSUstiyfV7UiFiQSuWyMua9fYM9fVjraUEH_1DUMNOQ3-BrBYxgIowrMuhUsthoZFiyfV79fBjraUE3pHObAUf6_yDHsrpHu7DUMNwyfVXgcBjy9zB9fVjraUEH_eFbm-xyBY7g9o7Usti_iUDUSC5rRzwy3hSUstigcuMUiFiPMuarfB5QiUEUSyaUiFiy3zwrfo5rM1i6sHpHadhH_KRosnRo_eF6AKOoiFirpowQcYSUstig9BGqMzUZMggQj2fgAo6QJBkQfBoepzN_uz081Y1gRB6zV1a_uzzP7OEu9Pve7BpZ3O6HcoD692qu7gN3_-Sq1Y2Z9BHqjjp_32s81NEZ_ooqMoN_S2-H7ONZ9o-Q9zDguxjPMoW1MgsHjNfyfOuq1Y2Z9P-q9P2yM7NPujau3Bvq1Bd_OzoHVBkzMBqq_nF_jz3q7h11MBgHBV7332zHOB2HIxquV1h_32VHJO9Z_-gu7u2_JoGPMoWQcNxupuM3jP3POKaQcW-qMY2_1o-r7BW69BxufzFyMFNPfoW63Wju7dF3A-Dq7BkQfBoe7BpZ37N83V9gICiQABEy1rNPOKaQcW-qMY2_1o-r7BXzsVq3JtO3AoZqVtp_3Bvq12M_32go1ND6IPy8j-M_1yNgjOc6IPy8j-M_1o-r7BX_M2iH72D3A-G83UpgI2q17jfZ32o8jONoIxoucrp_M2CH7N119Pvzcrh_MB-r7BX_M2iH72D3Ao6QVByZM2xe7jfZ32u8jNAoACvucHh_uzgH7Y1Z9BouVBEZ3dFvZUDUMoDP9o7g9-wq3zwPsUi6sHhHaFirI-2yfuwyMBjUstpo_nFbm-SQfVD9fBjUstpwe?pub_domain=0&ob=23&t=desktop&r=https%3A%2F%2Fwww.tokopedia.com%2Flivehealthy%2Fyellow-corn-tortilla-frozen-kulit-nachos-100-jagung-500gr-15cm-15cm%3Fsrc%3Dtopads&pub_unit=0&page=1&src=directory&management_type=1&dv=desktop&pub_id=0,,Jakarta Pusat,https://www.tokopedia.com/p/makanan-minuman/bahan-kue
100% Dark Chocolate Powder / Bubuk Coklat Asli Premium 100g,Rp74.990,https://ta.tokopedia.com/promo/v1/clicks/8a-xgVY2gmUE6AedopyaH_UDUMVj9RzNrc1i6sJDUSupg9-wq3ei6iUFUiFiPcBWgZUEH_rh6_1p6_JNoZFiyRCsUsth6A1Fbm-FQRo2PcB5QiUEHiFiy3hSUstiyfV7UiFiQSuWyMua9fYM9fVjraUEH_1DUMNOQ3-BrBYxgIowrMuhUsthoZFiyfV79fBjraUE3pHObAUf6_yDHsrRoV7DUMNwyfVXgcBjy9zB9fVjraUEH_eFbm-xyBY7g9o7Usti_iUDUSC5rRzwy3hSUstigcuMUiFiPMuarfB5QiUEUSyaUiFiy3zwrfo5rM1i6sHpHidOHAedHAJNHpJp6_ndHaFirpowQcYSUstig9BGqMzUZMggQj2fgAo6QJBkQfBoe7BpZ3O6HcoD692qu7gN3_-Sq1Y2Z_VHqBjO_uzCH1NkqRxozV1a_OzVP7N_Z9o-Q9zDguxjPMoW1MgsHjNfyfOuq1Y2Z9P-q9P2yM7NPujau3Bvq1Bd_OzoHVBkzMBqq_nF_jz3q7h11MBgHBV7332zHOB2HIxquV1h_32VHJO9Z_-gu7u2_JoGPMoWQcNxupuM3jP3POKaQcW-qMY2_1o-r7BW69BxufzFyMFNPfoW63Wju7dF3A-Dq7BkQfBoe7BpZ37N83V9gICiQABEy1rNPOKaQcW-qMY2_1o-r7BXzsVq3JtO3AoZqVtp_3Bvq12M_32go1ND6IPy8j-M_1yNgjOc6IPy8j-M_1o-r7BX_M2iH72D3A-G83UpgI2q17jfZ32o8jO2oAVozVJ7_1zVo1OEz92vuJJ7_9B-r7BX_M2iH72D3Ao6QVByZM2xe7jfZ32zo1N_oA-6zcrp_7zu8jOke9B68BBR_9BG6ZUDUMoDP9o7g9-wq3zwPsUi6sHh6ArNbm-FrMBsguYiq3ei6sJdo_nDUMP5y3hwq3ei6soY?r=https%3A%2F%2Fwww.tokopedia.com%2Fhomelabid%2F100-dark-chocolate-powder-bubuk-coklat-asli-premium-100g%3Fsrc%3Dtopads&pub_unit=0&pub_domain=0&ob=23&dv=desktop&src=directory&pub_id=0&t=desktop&page=1&management_type=1,,Jakarta Barat,https://www.tokopedia.com/p/makanan-minuman/bahan-kue
Pewarna Makanan Cross 20 ml / Food Colouring,Rp12.000,https://ta.tokopedia.com/promo/v1/clicks/8a-xgVY2gmUEHsJNHArho_Habm-xgVY789CBUsthbm-Orfua9fBjUstiHmUDUSz2Q31i6sJRH_jOHpjh6_1DUMoFyaUEHsnOHmFircYpq9z2Qfdi6sHDUMVDgaUEUMoxPmUDUMNOQ3-BrBY5gBYxgIHi6sJObm-XP3Oig9-wy3zp9R-BrZUEH_1DUMoxPVY2gIHi6BDpoZFaosjfbAURosxPbm-X9foxQMz2gcV7guYxgIHi6sJ7HmFiy3-wPcupPmUEUjdibm-FQRo79fVDgaUEUMzBgiUDUSgBrSo2Qfdi6i-fHiUDUMVj9RosQR-BUstpH_nX6_U76Anp6_KaHpnFoZFirpowQcYSUstig9BGqMzUZMggQj2fgAo6QJBkQfBoe7BpZ3O6HcoD692qu7gN3_-Sq1Y2Z_oHqBjO_32oP7NE3_uoqjOR_S2go1Oku3BHe72a3BxDHfUpZMWyH7NkysoGQJBkQfBoe7BpZ37OPM-W_Mh-qMY2_uz08jNIZ9xgQuB7_jzzHu2AHACgQ1N0_VP-HJdaZ9zouO1h_Bz-8JNJzMB6Q1gtZ3BRq3UpZSCqHMhO3A-ZQcoc69Cqe7jfZ32Cq1hAZSgsQ3hXyurOgMoUZSgqZVgkgJyNrV2AZ_g-qjV2_JoGPMoWQcNxupuMyp-tPMoc69Cqe7jfZ32Cq1hAZSxjuOgNguyNHVB9gI2-qMY23I2-HjY13MgozsxR3I2mgBxEeMgozsxR3I2Cq1hAZS2gHsBN3ByNq3oW6_osHBu2_fB-8jO1e9uvuJjF_7zC8jY1gRBo8jVR_Bo-r7BX_M2iH72D3Ao6QVByZM2xe7jfZ32zo1NAoIxvucDh_uz0o1O1z9P6zVuNZ3dFvZUDUMoDP9o7g9-wq3zwPsUi6sJdHp1abm-FrMBsguYiq3ei6sUFo_nDUMP5y3hwq3ei6soY?page=1&src=directory&pub_domain=0&dv=desktop&t=desktop&ob=23&r=https%3A%2F%2Fwww.tokopedia.com%2Fcakraboga%2Fpewarna-makanan-cross-20-ml-food-colouring-sweet-black-d848a%3Fsrc%3Dtopads&pub_unit=0&management_type=2&pub_id=0,,Jakarta Barat,https://www.tokopedia.com/p/makanan-minuman/bahan-kue
Zeelandia ZIMUFFIN VANILLA 1 Kg,Rp43.470,https://ta.tokopedia.com/promo/v1/clicks/8a-xgVY2gmUEH_Hao_nNopy7bm-xgVY789CBUsthbm-Orfua9fBjUstiHmUDUSz2Q31i6sJRH_jOHpjh6_1DUMoFyaUEHs1FHmFircYpq9z2Qfdi6seDUMVDgaUEUMoxPmUDUMNOQ3-BrBY5gBYxgIHi6sJObm-XP3Oig9-wy3zp9R-BrZUEH_1DUMoxPVY2gIHi6BDpoZFaosjfbAURopuPbm-X9foxQMz2gcV7guYxgIHi6sJ7HmFiy3-wPcupPmUEUjdibm-FQRo79fVDgaUEUMzBgiUDUSgBrSo2Qfdi6i-fHiUDUMVj9RosQR-BUstpHseXH_eOHseFHAeNH_UdHsHDUSHp9fh5gaUEUMuNZM2jZJ2M33NGPMep_Mh-qMY2_1o-r7BW_sCsQABE3BPc8ujagfBvq1BRZ3BRq3JausujHsBN3jyN8Bja69Bq17jfZ32Cq1hAZSuiHsuk3Bo-ojBkz_uo8B-2_uPGQ1h11_C6uOV7_jPGqB2AH3B6zcz2_VzcQJN1u9BouVVd332qqVB_Z9o-Q_BNyuPjrc-D63Wq3J-MyuPzq1Y2Z9P-q9P2ysoGrVtaQIuyH7-Nys-ZHujp1MgxuOV2_fB-P7B2PfBiH72F3s-DPuKp_MYiH7-MyuPzq1Y2Z9P-q9P2yOx3QcoXQcgjz7gXyRB-ojBD6IB6qMDa3I2mgjOc6IPyH_xR3I2mgjOc6IP-q9P2yp-6PMoWuMggQj2fgAo6QJBkQfBo8jjF_c2VHJN1Z_CozJJF_OzV81YJZ92-q9P2yp-6PMoWuMgsHBgtyfO6Q7BkQfB6zcrF_c2s8JNkqRxouV1h_7z081N1e_--QsnYUiFiyfhOrRzBrBY2gVYfHiUEoAURHmFirI-2yfuwyMBjUstao_nFbm-SQfVD9fBjUstpwe?r=https%3A%2F%2Fwww.tokopedia.com%2Fzeelandiastore%2Fzeelandia-zimuffin-vanilla-1-kg%3Fsrc%3Dtopads&pub_unit=0&t=desktop&dv=desktop&management_type=1&pub_id=0&pub_domain=0&ob=23&src=directory&page=1,,Tangerang,https://www.tokopedia.com/p/makanan-minuman/bahan-kue
swallow globe agar,Rp48.400,https://ta.tokopedia.com/promo/v1/clicks/8a-xgVY2gmUEH_Jp6_HNopnNbm-xgVY789CBUsthbm-Orfua9fBjUstiHmUDUSz2Q31i6sJRH_jOHpjh6_1DUMoFyaUEH_1FHmFircYpq9z2Qfdi6s1DUMVDgaUEUMoxPmUDUMNOQ3-BrBY5gBYxgIHi6sJObm-XP3Oig9-wy3zp9R-BrZUEH_1DUMoxPVY2gIHi6BDpoZFaosjfbAURopgPbm-X9foxQMz2gcV7guYxgIHi6sJ7HmFiy3-wPcupPmUEUjdibm-FQRo79fVDgaUEUMzBgiUDUSgBrSo2Qfdi6i-fHiUDUMVj9RosQR-BUstpHAyXH_U76AeFoAraosep6ZFirpowQcYSUstig9BGqMzUZMggQj2fgAo6QJBkQfB6e7BpZ3O6HcoD692qu7gN3_-Sq1Y2Z9P-q9P2y_-3o3ea69BqzsBE3_UN8u2_Z_g-qjV2_JoGP3Uao32q17jfZ32Vo1OE1MBou72W_VzzHJN919z6z72k3jHhq1NJgcBHuJgD_Bzu81O119xgqB2t3uo-r7BW69BxufzFyMFNqO2yeMgxuOV2_fB-P7B2PfBiH72F3s-DPuKpeSBiHBUh3_oZgMV913Bvq1BRZ3BRq3UpZSCqHMhO3Ao6QfUpeMgxuOV2_fB-P7B2PfBs3VgDyfNDgMzIzMNs81jfZ3Fd81Nkqp-y8j-M_1ydPOKh6IPy8j-M_1ydP7B2PfBsHjNfyfO3gBBXZSgjH7NDZ325q1OEe_-HqjuN_jzSHJOJ1_ooqBjF_920q1hAZS2gHsBN3ByN8B29zSBgHMP2_fB-HJYJ_9uo8jOE_32uHJNEe_ovzcrF_BoG6ZUDUMoDP9o7g9-wq3zwPsUi6sHFHsHObm-FrMBsguYiq3ei6sJOHAnDUMP5y3hwq3ei6soY?t=desktop&dv=desktop&src=directory&pub_domain=0&ob=23&management_type=2&r=https%3A%2F%2Fwww.tokopedia.com%2F57healthstore%2Fswallow-globe-agar-cokelat-c98ef%3Fsrc%3Dtopads&pub_unit=0&pub_id=0&page=1,,Jakarta Pusat,https://www.tokopedia.com/p/makanan-minuman/bahan-kue
Citric Acid Monohydrate / Asam Sitrat / Citrun 1Kg,Rp20.000,https://www.tokopedia.com/multijayakimia/citric-acid-monohydrate-asam-sitrat-citrun-1kg?extParam=ivf%3Dfalse,,Tangerang Selatan,https://www.tokopedia.com/p/makanan-minuman/bahan-kue
BAKING SODA MERK Arm & Hammer Baking Soda 454gr,Rp23.500,https://www.tokopedia.com/kaifafoodcom/baking-soda-merk-arm-hammer-baking-soda-454gr?extParam=ivf%3Dtrue,,Jakarta Timur,https://www.tokopedia.com/p/makanan-minuman/bahan-kue
"Gelatin Bubuk / Gelatin Sapi, Gelatin Powder HAYS ",Rp19.900,https://www.tokopedia.com/haysfoodofficial/gelatin-bubuk-gelatin-sapi-gelatin-powder-hays?extParam=ivf%3Dfalse,,Jakarta Utara,https://www.tokopedia.com/p/makanan-minuman/bahan-kue
Tulip Chocolatier Chocolate Paste 1Kg,Rp46.000,https://www.tokopedia.com/kioskcokelat/tulip-chocolatier-chocolate-paste-1kg?extParam=ivf%3Dfalse,,Jakarta Selatan,https://www.tokopedia.com/p/makanan-minuman/bahan-kue
Baking Soda / Soda Kue / Sodium Bicarbonate (1 kg),Rp14.500,https://www.tokopedia.com/maximum/baking-soda-soda-kue-sodium-bicarbonate-1-kg?extParam=ivf%3Dfalse,,Jakarta Barat,https://www.tokopedia.com/p/makanan-minuman/bahan-kue
Bubuk / Powder Matcha - 200g,Rp85.990,https://www.tokopedia.com/homelabid/bubuk-powder-matcha-200g?extParam=ivf%3Dtrue,,Jakarta Barat,https://www.tokopedia.com/p/makanan-minuman/bahan-kue
Sodium Bicarbonate / Soda Kue / Baking Soda 1Kg,Rp12.000,https://www.tokopedia.com/multijayakimia/sodium-bicarbonate-soda-kue-baking-soda-1kg?extParam=ivf%3Dfalse,,Tangerang Selatan,https://www.tokopedia.com/p/makanan-minuman/bahan-kue
Colatta Choco Chips 150g,Rp13.708,https://www.tokopedia.com/colatta/colatta-choco-chips-150g?extParam=ivf%3Dfalse,,Depok,https://www.tokopedia.com/p/makanan-minuman/bahan-kue
MEC3 Pistachio Paste 100% California Gelato 200gr Pasta Pistachio Pure,Rp385.000,https://www.tokopedia.com/trinitykitchen/mec3-pistachio-paste-100-california-gelato-200gr-pasta-pistachio-pure?extParam=ivf%3Dfalse,,Jakarta Barat,https://www.tokopedia.com/p/makanan-minuman/bahan-kue
TERMURAH!! 500 GRAM KULIT DIMSUM WARNA KULIT PANGSIT PUTIH KULIT GYOZA,Rp15.900,https://www.tokopedia.com/macaumee/termurah-500-gram-kulit-dimsum-warna-kulit-pangsit-putih-kulit-gyoza-rainbow-9cm?extParam=ivf%3Dtrue,,Surabaya,https://www.tokopedia.com/p/makanan-minuman/bahan-kue
Raw Cacao Powder,Rp114.950,https://www.tokopedia.com/timurasaindonesi/raw-cacao-powder?extParam=ivf%3Dfalse,,Jakarta Selatan,https://www.tokopedia.com/p/makanan-minuman/bahan-kue
Vanilla Extract 75ml,Rp54.900,https://www.tokopedia.com/houseoforganix/vanilla-extract-75ml?extParam=ivf%3Dfalse,,Jakarta Utara,https://www.tokopedia.com/p/makanan-minuman/bahan-kue
Kulit Lumpia Premium Jamin Kriuk Anti Sobek Tipis Lembut Halal MUI,Rp12.350,https://www.tokopedia.com/macaumee/kulit-lumpia-premium-jamin-kriuk-anti-sobek-tipis-lembut-halal-mui?extParam=ivf%3Dtrue,,Surabaya,https://www.tokopedia.com/p/makanan-minuman/bahan-kue
Nutrijell Pudding,Rp8.900,https://www.tokopedia.com/tobakingmurahonline/nutrijell-pudding-red-velvet-31a0d?extParam=ivf%3Dfalse,,Surabaya,https://www.tokopedia.com/p/makanan-minuman/bahan-kue
TOFFIECO PERISA PERASA MAKANAN PASTA 100 GR VANILLA COKLAT PANDAN DLL,Rp28.500,https://www.tokopedia.com/ledolciid/toffieco-perisa-perasa-makanan-pasta-100-gr-vanilla-coklat-pandan-dll-pandan?extParam=ivf%3Dfalse,,Jakarta Utara,https://www.tokopedia.com/p/makanan-minuman/bahan-kue
SODIUM BICARBONATE PURE 1 KG / SODA KUE / BAKING SODA ( FOOD GRADE ),Rp9.000,https://www.tokopedia.com/cliger/sodium-bicarbonate-pure-1-kg-soda-kue-baking-soda-food-grade-packing-biasa-682d2?extParam=ivf%3Dfalse,,Jakarta Utara,https://www.tokopedia.com/p/makanan-minuman/bahan-kue
Kelapa Parut Kering / Dried Coconut Flakes - HAYS,Rp11.900,https://www.tokopedia.com/haysfoodofficial/kelapa-parut-kering-dried-coconut-flakes-hays?extParam=ivf%3Dfalse,,Jakarta Utara,https://www.tokopedia.com/p/makanan-minuman/bahan-kue
JennToys - Snack Anak Agar Pudding Powder Mom's Recipe SILKY PUDDING,Rp12.500,https://www.tokopedia.com/jenntoys/jenntoys-snack-anak-agar-pudding-powder-mom-s-recipe-silky-pudding-silky-coklat?extParam=ivf%3Dfalse,,Jakarta Utara,https://www.tokopedia.com/p/makanan-minuman/bahan-kue
PEWARNA MAKANAN KOEPOE KOEPOE 30ML + PUTIH 50GR,Rp4.200,https://www.tokopedia.com/mettaol/pewarna-makanan-koepoe-koepoe-30ml-putih-50gr-biru?extParam=ivf%3Dfalse,,Jakarta Barat,https://www.tokopedia.com/p/makanan-minuman/bahan-kue
Kulit Pangsit Siomay Dimsum Bulat Mee Macau | 150 Gram | Halal MUI,Rp6.400,https://www.tokopedia.com/macaumee/kulit-pangsit-siomay-dimsum-bulat-mee-macau-150-gram-halal-mui-putih?extParam=ivf%3Dtrue,,Surabaya,https://www.tokopedia.com/p/makanan-minuman/bahan-kue
nutrijell bubuk jelly instan kemasan ekonomis 10gr,Rp1.700,https://www.tokopedia.com/littledevan/nutrijell-bubuk-jelly-instan-kemasan-ekonomis-10gr-melon?extParam=ivf%3Dfalse,,Surabaya,https://www.tokopedia.com/p/makanan-minuman/bahan-kue
JennToys - Forisa Mom's Recipe PUYO Puding Silky Pudding Pouch,Rp8.800,https://www.tokopedia.com/jenntoys/jenntoys-forisa-mom-s-recipe-puyo-puding-silky-pudding-pouch-pouch-coklat?extParam=ivf%3Dfalse,,Jakarta Utara,https://www.tokopedia.com/p/makanan-minuman/bahan-kue
La Dame in Vanilla Halal Vanilla Extract 100 ml,Rp85.500,https://www.tokopedia.com/kebunkita/la-dame-in-vanilla-halal-vanilla-extract-100-ml?extParam=ivf%3Dfalse,,Jakarta Utara,https://www.tokopedia.com/p/makanan-minuman/bahan-kue
ARM and HAMMER Pure Baking Soda | Food Grade | Product of USA,Rp17.500,https://www.tokopedia.com/foodempire/arm-and-hammer-pure-baking-soda-food-grade-product-of-usa-226-gr-32c42?extParam=ivf%3Dfalse,,Jakarta Utara,https://www.tokopedia.com/p/makanan-minuman/bahan-kue
ARM HAMMER BAKING SODA 340gr UNTUK PENCUCI BUAH & SAYUR,Rp46.500,https://www.tokopedia.com/kaifafoodcom/arm-hammer-baking-soda-340gr-untuk-pencuci-buah-sayur?extParam=ivf%3Dtrue%26whid%3D7884224,,Jakarta Timur,https://www.tokopedia.com/p/makanan-minuman/bahan-kue
Colatta Glaze Dark - Bahan Pelapis Rasa Coklat 1Kg,Rp64.320,https://www.tokopedia.com/colatta/colatta-glaze-dark-bahan-pelapis-rasa-coklat-1kg?extParam=ivf%3Dfalse,,Depok,https://www.tokopedia.com/p/makanan-minuman/bahan-kue
Collins Dip Glaze 1 kg Topping Kue Donut Pisang,Rp36.000,https://www.tokopedia.com/tobakingmurahonline/collins-dip-glaze-1-kg-topping-kue-donut-pisang-talas?extParam=ivf%3Dfalse,,Surabaya,https://www.tokopedia.com/p/makanan-minuman/bahan-kue
TIGERSON FONDANT SUPER FONDANT PREMIUM REPACK 500 GRAM,Rp39.000,https://www.tokopedia.com/ledolciid/tigerson-fondant-super-fondant-premium-repack-500-gram?extParam=ivf%3Dfalse,,Jakarta Utara,https://www.tokopedia.com/p/makanan-minuman/bahan-kue
NUTRIJELL PUDING SUSU SANTAN 145 GRAM COKLAT MANGGA VANILA PANDAN,Rp8.601,https://www.tokopedia.com/8mart/nutrijell-puding-susu-santan-145-gram-coklat-mangga-vanila-pandan-belgian-coklat?extParam=ivf%3Dfalse,,Bandung,https://www.tokopedia.com/p/makanan-minuman/bahan-kue
La Dame in Vanilla Halal Vanilla Paste 100 ml,Rp143.500,https://www.tokopedia.com/kebunkita/la-dame-in-vanilla-halal-vanilla-paste-100-ml?extParam=ivf%3Dfalse,,Jakarta Utara,https://www.tokopedia.com/p/makanan-minuman/bahan-kue
Vanilla Beans Planifolia GRADE A Gourmet (Biji Vanila 100% ORGANIK),Rp119.000,https://ta.tokopedia.com/promo/v1/clicks/8a-xgVY2gmUEH_HR6A1dHpnfbm-xgVY789CBUsthbm-Orfua9fBjUstiHmUDUSz2Q31i6sJRH_jOHpjh6_1DUMoFyaUEHsnFHmFircYpq9z2Qfdi6syDUMVDgaUEUMoxPmUDUMNOQ3-BrBY5gBYxgIHi6sJObm-XP3Oig9-wy3zp9R-BrZUEH_1DUMoxPVY2gIHi6BDpoZFaosjfbAURosBPbm-X9foxQMz2gcV7guYxgIHi6sJ7HmFiy3-wPcupPmUEUjdibm-FQRo79fVDgaUEUMzBgiUDUSgBrSo2Qfdi6i-fHiUDUMVj9RosQR-BUstpHsHXopH7HAyOHpHNo_nh6mFirpowQcYSUstig9BGqMzUZMggQj2fgAo6QJBkQfBoe7BpZ3O6HcoD692qu7gN3_-Sq1Y2Z9P-q9P2y_-3o3ea69BqzsBE3_UN8u2_Z_g-qjV2_JoGP3Uao32q17jfZ32Vo1OE1MBou72W_VzzHJN919z6z72k3jHhq1NJgcBHuJgD_Bzu81O119xgqB2t3uo-r7BW69BxufzFyMFNqO2yeMgxuOV2_fB-P7B2PfBiH72F3s-DPuKpeSBiHBUh3_oZgMV913Bvq1BRZ3BRq3UpZSCqHMhO3Ao6QfUpeMgxuOV2_fB-P7B2PfBs3VgDyfNDgMzIzMNs81jfZ3Fd81Nkqp-y8j-M_1ydPOKh6IPy8j-M_1ydP7B2PfBsHjNfyfO3gBBXZSgjH7NDZ325q1OEZ92HqMoE_jzCHjN1_92vuVuR_uzSq1hAZS2gHsBN3ByN8B29zSBgHMP2_fB-HJNEyRuouJ17_S2081O1__ooqMoN_3BG6ZUDUMoDP9o7g9-wq3zwPsUi6sH76Ardbm-FrMBsguYiq3ei6sUFHAnDUMP5y3hwq3ei6soY?dv=desktop&src=directory&page=1&r=https%3A%2F%2Fwww.tokopedia.com%2Fbestvanilla%2Fvanilla-beans-planifolia-grade-a-gourmet-biji-vanila-100-organik-25-gram-14-15-cm%3Fsrc%3Dtopads&pub_id=0&pub_unit=0&management_type=1&ob=23&pub_domain=0&t=desktop,,Jakarta Barat,https://www.tokopedia.com/p/makanan-minuman/bahan-kue
raw / unrefined cocoa butter Cocoa Farm lemak kakao,Rp285.000,https://ta.tokopedia.com/promo/v1/clicks/8a-xgVY2gmUEH_UaH_naHsjRbm-xgVY789CBUsthbm-Orfua9fBjUstiHmUDUSz2Q31i6sJRH_jOHpjh6_1DUMoFyaUEHseFHmFircYpq9z2Qfdi6srDUMVDgaUEUMoxPmUDUMNOQ3-BrBY5gBYxgIHi6sJObm-XP3Oig9-wy3zp9R-BrZUEH_1DUMoxPVY2gIHi6BDpoZFaosjfbAURopzPbm-X9foxQMz2gcV7guYxgIHi6sJ7HmFiy3-wPcupPmUEUjdibm-FQRo79fVDgaUEUMzBgiUDUSgBrSo2Qfdi6i-fHiUDUMVj9RosQR-BUstpHsrXHsUfopeaHAURoprdopyDUSHp9fh5gaUEUMuNZM2jZJ2M33NGPMep_Mh-qMY2_BH7H1N1u_V6uV1h_BzuH1N1u_V6uVu2_JoGqMzUZMgsHBgtyfO6Q7BkQfBouJOO_92o8jOE_92o8jOE_92o8jOE__C-q9P2y_-3o3ea69BqzsBE3_UN8u2_Z_g-qjV2_JoGP3Uao32q17jfZ32Vo1OE1MBou72W_VzzHJN919z6z72k3jHhq1NJgcBHuJgD_Bzu81O119xgqB2t3uo-r7BW69BxufzFyMFNqO2yeMgxuOV2_fB-P7B2PfBiH72F3s-DPuKpeSBiHBUh3_oZgMV913Bvq1BRZ3BRq3UpZSCqHMhO3Ao6QfUpeMgxuOV2_fB-P7B2PfBs3VgDyfNDgMzIzMNs81jfZ3Fd81Nkqp-y8j-M_1ydPOKh6IPy8j-M_1ydP7B2PfBsHjNfyfO3gBBXZSgjH7NDZ325q1OEZ_oHqjBN_M2sHJOke9B68MHp_7zsHjB2PfBsHjNfyfO3gMHauMxsQ1N5Z325q1NJyR2HqMoE_1z0HJO1u9xozJ7p_uzSH1BXHA7ibm-sQIupPcua9fBj9RyaUsth6AeRomFirI-2yfuwyMBjUstaoAnFbm-SQfVD9fBjUstpwe?r=https%3A%2F%2Fwww.tokopedia.com%2Fcocoafarm%2Fraw-unrefined-cocoa-butter-cocoa-farm-lemak-kakao-1-kg-5df53%3Fsrc%3Dtopads&pub_unit=0&pub_id=0&dv=desktop&page=1&t=desktop&pub_domain=0&ob=23&src=directory&management_type=2,,Bandung,https://www.tokopedia.com/p/makanan-minuman/bahan-kue
GELATINE SHEET REPACK,Rp16.500,https://ta.tokopedia.com/promo/v1/clicks/8a-xgVY2gmUEHsJNoAy7osJObm-xgVY789CBUsthbm-Orfua9fBjUstiHmUDUSz2Q31i6sJRH_jOHpjh6_1DUMoFyaUEHsHOHmFircYpq9z2Qfdi6sKDUMVDgaUEUMoxPmUDUMNOQ3-BrBY5gBYxgIHi6sJObm-XP3Oig9-wy3zp9R-BrZUEH_1DUMoxPVY2gIHi6BDpoZFaosjfbAURopgPbm-X9foxQMz2gcV7guYxgIHi6sJ7HmFiy3-wPcupPmUEUjdibm-FQRo79fVDgaUEUMzBgiUDUSgBrSo2Qfdi6i-fHiUDUMVj9RosQR-BUstpH_eXHsUOHAJFopJOoArhoZFirpowQcYSUstig9BGqMzUZMggQj2fgAo6QJBkQfBoe7BpZ3O6HcoD692qu7gN3_-Sq1Y2Z9P-q9P2y_-3o3ea69BqzsBE3_UN8u2_Z_g-qjV2_JoGP3Uao32q17jfZ32Vo1OE1MBou72W_VzzHJN919z6z72k3jHhq1NJgcBHuJgD_Bzu81O119xgqB2t3uo-r7BW69BxufzFyMFNqO2yeMgxuOV2_fB-P7B2PfBiH72F3s-DPuKpeSBiHBUh3_oZgMV913Bvq1BRZ3BRq3UpZSCqHMhO3Ao6QfUpeMgxuOV2_fB-P7B2PfBs3VgDyfNDgMzIzMNs81jfZ3Fd81Nkqp-y8j-M_1ydPOKh6IPy8j-M_1ydP7B2PfBsHjNfyfO3gBBXZSgjH7NDZ325q1OEz_CHqjBN_BzC8JOJyRx6uVJp_uzuq1hAZS2gHsBN3ByN8B29zSBgHMP2_fB-HJNEe9u6uJ1O_Ozg81YJu_VvucHO_M2gq3gzv_7ibm-sQIupPcua9fBj9RyaUstOH_UNHaFirI-2yfuwyMBjUstaHp1Fbm-SQfVD9fBjUstpwe?t=desktop&page=1&src=directory&r=https%3A%2F%2Fwww.tokopedia.com%2Fsarifine%2Fgelatine-sheet-repack-5-lembar-884f5%3Fsrc%3Dtopads&dv=desktop&pub_id=0&management_type=1&pub_domain=0&ob=23&pub_unit=0,,Jakarta Pusat,https://www.tokopedia.com/p/makanan-minuman/bahan-kue
Endapan Pandan Murni JU&JE,Rp40.000,https://ta.tokopedia.com/promo/v1/clicks/8a-xgVY2gmUEosJ7o_e7H_rDUMVj9RzNrc1i6sJDUSupg9-wq3ei6iUFUiFiPcBWgZUEH_rh6_1p6_JNoZFiyRCsUsth6AnFbm-FQRo2PcB5QiUE6ZFiy3hSUstiyfV7UiFiQSuWyMua9fYM9fVjraUEH_1DUMNOQ3-BrBYxgIowrMuhUsthoZFiyfV79fBjraUE3pHObAUf6_yDHsrf6u7DUMNwyfVXgcBjy9zB9fVjraUEH_eFbm-xyBY7g9o7Usti_iUDUSC5rRzwy3hSUstigcuMUiFiPMuarfB5QiUEUSyaUiFiy3zwrfo5rM1i6sHaoidp6AUh6AKpHAe7oAJFoiFirpowQcYSUstig9BGqMzUZMggQj2fgAo6QJBkQfBoe7BpZ3O6HcoD692qu7gN3_-Sq1Y2Z9P-q9P2y_-3o3ea69BqzsBE3_UN8u2_Z_g-qjV2_JoGP3Uao32q17jfZ32Vo1OE1MBou72W_VzzHJN919z6z72k3jHhq1NJgcBHuJgD_Bzu81O119xgqB2t3uo-r7BW69BxufzFyMFNqO2yeMgxuOV2_fB-P7B2PfBiH72F3s-DPuKpeSBiHBUh3_oZgMV913Bvq1BRZ3BRq3UpZSCqHMhO3Ao6QfUpeMgxuOV2_fB-P7B2PfBs3VgDyfNDgMzIzMNs81jfZ3Fd81Nkqp-y8j-M_1ydPOKh6IPy8j-M_1ydP7B2PfBsHjNfyfO3gBBXZSgjH7NDZ325q1OEZ_-Hqj77_32VoJYJ_9P6zVJF_uzCHjB2PfBsHjNfyfO3gMHauMxsQ1N5Z325q1NJ3_VHqBBd_uzsH7NE1_oozVjO_32zq3gzv_7ibm-sQIupPcua9fBj9RyaUsta6_KDUSCaq3oB9f-2gmUEH_KFHmFigfYxQVY2gmUEHR7?r=https%3A%2F%2Fwww.tokopedia.com%2F88jjshop%2Fendapan-pandan-murni-ju-je%3Fsrc%3Dtopads&src=directory&pub_unit=0&pub_domain=0&management_type=2&dv=desktop&pub_id=0&t=desktop&page=1&ob=23,,Jakarta Utara,https://www.tokopedia.com/p/makanan-minuman/bahan-kue
FROZEN Pita Bread (traditional) - 17cm - 10pcs / pack,Rp45.500,https://ta.tokopedia.com/promo/v1/clicks/8a-xgVY2gmUE6AyFopyOHpUDUMVj9RzNrc1i6sJDUSupg9-wq3ei6iUFUiFiPcBWgZUEH_rh6_1p6_JNoZFiyRCsUsthH_1Fbm-FQRo2PcB5QiUEH_nDUMVDgaUEUMoxPmUDUMNOQ3-BrBY5gBYxgIHi6sJObm-XP3Oig9-wy3zp9R-BrZUEH_1DUMoxPVY2gIHi6BDpoZFaosjfbAURHpVPbm-X9foxQMz2gcV7guYxgIHi6sJ7HmFiy3-wPcupPmUEUjdibm-FQRo79fVDgaUEUMzBgiUDUSgBrSo2Qfdi6i-fHiUDUMVj9RosQR-BUstpH_KXopef6ArOH_KhoAKd6mFirpowQcYSUstig9BGqMzUZMggQj2fgAo6QJBkQfB61pzd_32S81OJu9xoqMPN_1zu8JOkgfBHe72kgJxGgMHauMxsQ1N5Z325q1O139u6qBja_M2gHjNk3_-6qBja_M2gHJB2PfBxHByOgAUN8u2c692gHsBN3Bo-ojBke3BHe72OysUOqB2_Z_g-qj1O_92Zq1O9ZMOHuVJF_BPzPJNIZM2qepV2_jzjq1h1zMh6uVuN_uzz8VBk3Mxg17BpZ37N83V9gICiQAB03BxmgMV913Bvq1BRZ3BRq3UpZSCqHMhO3Aom83Ua1sVgHO-MyuPzq1Y2Z9P-q9P2ysoGrVtaQIuyH7N5ysomgMV913Bvq1BRZ3BRq3oyuMhsQMhMgJPcQMoNZ_g-QAxN_M20HBxEeMgozsxR3AJdPOxEeMgozsxRZ3BRq3Ha_SgsQugM33NGPMep_Mh-qMY2_92VoJhkypC6qMrp_BzVoJO11_zvzcP2_JoG8Bja69BqusBE3BPc8ujagfBvq1jF_BzgP1NJu_-68MoN_7zCo1O1__-ve7tNUiFiyfhOrRzBrBY2gVYfHiUEHsedHsnDUMPaQRuF9Ro7rMV7g3PNUs2QHZFa9ZFirI-2yfuwyMBjUsthH_1Fbm-SQfVD9fBjUstpwe?pub_unit=0&pub_domain=0&t=desktop&page=1&ob=23&pub_id=0&dv=desktop&management_type=1&r=https%3A%2F%2Fwww.tokopedia.com%2Flivehealthy%2Ffrozen-pita-bread-traditional-17cm-10pcs-pack%3Fsrc%3Dtopads&src=directory,,Jakarta Pusat,https://www.tokopedia.com/p/makanan-minuman/bahan-kue
Beorganik Gelatine Powder / Bubuk Gelatin 70gr,Rp25.000,https://www.tokopedia.com/beorganik/beorganik-gelatine-powder-bubuk-gelatin-70gr?extParam=ivf%3Dfalse,,Jakarta Barat,https://www.tokopedia.com/p/makanan-minuman/bahan-kue
SILKY PUDDING Forisa Mom's Recipe Pouch 110 gr PUYO Puding Susu Smooth,Rp9.125,https://www.tokopedia.com/tobakingmurahonline/silky-pudding-forisa-mom-s-recipe-pouch-110-gr-puyo-puding-susu-smooth-chocolate?extParam=ivf%3Dfalse,,Surabaya,https://www.tokopedia.com/p/makanan-minuman/bahan-kue
kulit kebab gandum tortilla/Halal/Wrap Salad,Rp22.900,https://www.tokopedia.com/kirei2510/kulit-kebab-gandum-tortilla-halal-wrap-salad-17-cm?extParam=ivf%3Dfalse,,Jakarta Timur,https://www.tokopedia.com/p/makanan-minuman/bahan-kue
Edible Flowers Mix 30 Pcs,Rp65.000,https://www.tokopedia.com/gopetalz/edible-flowers-mix-30-pcs?extParam=ivf%3Dfalse,,Jakarta Selatan,https://www.tokopedia.com/p/makanan-minuman/bahan-kue
ANGEL Bread Improver 500 gram Pengempuk Untuk Roti dan Kue,Rp31.820,https://www.tokopedia.com/finger-land/angel-bread-improver-500-gram-pengempuk-untuk-roti-dan-kue?extParam=ivf%3Dfalse,,Jakarta Pusat,https://www.tokopedia.com/p/makanan-minuman/bahan-kue
Sodium Bicarbonate / Soda Kue / Baking Soda - 1 KG,Rp8.500,https://www.tokopedia.com/dubi/sodium-bicarbonate-soda-kue-baking-soda-1-kg-plastik-klip?extParam=ivf%3Dfalse,,Tangerang,https://www.tokopedia.com/p/makanan-minuman/bahan-kue
Van houten Cocoa Powder 165 g,Rp42.900,https://www.tokopedia.com/delfi-official/van-houten-cocoa-powder-165-g?extParam=ivf%3Dfalse,,Jakarta Timur,https://www.tokopedia.com/p/makanan-minuman/bahan-kue
Bubuk / Matcha Powder Premium 1kg,Rp339.500,https://www.tokopedia.com/homelabid/bubuk-matcha-powder-premium-1kg?extParam=ivf%3Dtrue,,Jakarta Barat,https://www.tokopedia.com/p/makanan-minuman/bahan-kue
Jelly Nutrijell Ekonomis,Rp1.775,https://www.tokopedia.com/tobakingmurahonline/jelly-nutrijell-ekonomis-strawberry-10g?extParam=ivf%3Dfalse,,Surabaya,https://www.tokopedia.com/p/makanan-minuman/bahan-kue
100% Dark Chocolate Powder / Bubuk Coklat Asli Premium 100g,Rp74.990,https://www.tokopedia.com/homelabid/100-dark-chocolate-powder-bubuk-coklat-asli-premium-100g?extParam=ivf%3Dfalse,,Jakarta Barat,https://www.tokopedia.com/p/makanan-minuman/bahan-kue
Ragi Tempe Raprima 500gr,Rp16.000,https://www.tokopedia.com/ragiraprimatempe/ragi-tempe-raprima-500gr?extParam=ivf%3Dfalse,,Jakarta Utara,https://www.tokopedia.com/p/makanan-minuman/bahan-kue
Puding Susu / My Vla Nutrijell Pudding Lapis Bubuk Vanilla Coklat,Rp4.775,https://www.tokopedia.com/suwitowiwi/puding-susu-my-vla-nutrijell-pudding-lapis-bubuk-vanilla-coklat-my-vla-coklat-94b5d?extParam=ivf%3Dfalse%26whid%3D17072606,,Bandung,https://www.tokopedia.com/p/makanan-minuman/bahan-kue
Mission Flour Tortilla 8' kulit tortila kebab wrap frozen beku isi 12,Rp35.500,https://www.tokopedia.com/brightfrozen/mission-flour-tortilla-8-kulit-tortila-kebab-wrap-frozen-beku-isi-12?extParam=ivf%3Dfalse,,Jakarta Pusat,https://www.tokopedia.com/p/makanan-minuman/bahan-kue
Pewarna Makanan Sumbo koepoe Kupu 30ml,Rp4.000,https://www.tokopedia.com/tobakingmurahonline/pewarna-makanan-sumbo-koepoe-kupu-30ml-hijau-muda?extParam=ivf%3Dfalse,,Surabaya,https://www.tokopedia.com/p/makanan-minuman/bahan-kue
Elmer DIP GLAZE 200gr (Rasa Lengkap),Rp12.500,https://www.tokopedia.com/bellsallshop/elmer-dip-glaze-200gr-rasa-lengkap-red-velvet-df1e?extParam=ivf%3Dfalse,,Kab. Tangerang,https://www.tokopedia.com/p/makanan-minuman/bahan-kue
FORISA Silky Pudding 155 gr,Rp9.700,https://www.tokopedia.com/berkatpangan-1/forisa-silky-pudding-155-gr-pouch-taro-d1726?extParam=ivf%3Dfalse,,Tangerang Selatan,https://www.tokopedia.com/p/makanan-minuman/bahan-kue
Tulip Chocolatier Dark Compound Chocolate 1Kg,Rp61.000,https://www.tokopedia.com/kioskcokelat/tulip-chocolatier-dark-compound-chocolate-1kg?extParam=ivf%3Dfalse,,Jakarta Selatan,https://www.tokopedia.com/p/makanan-minuman/bahan-kue
Coklat bubuk BENSDORP 500 g / 1 Kg |PURE COCOA POWDER 100% ORI,Rp155.000,https://www.tokopedia.com/duniabahanbaku/coklat-bubuk-bensdorp-500-g-1-kg-pure-cocoa-powder-100-ori-1-kg?extParam=ivf%3Dfalse,,Tangerang,https://www.tokopedia.com/p/makanan-minuman/bahan-kue
La Dame in Vanilla Halal Vanilla Extract 25 ml,Rp29.500,https://www.tokopedia.com/kebunkita/la-dame-in-vanilla-halal-vanilla-extract-25-ml?extParam=ivf%3Dfalse,,Jakarta Utara,https://www.tokopedia.com/p/makanan-minuman/bahan-kue
Tako Leg Cut 1kg - Kaki Gurita Potong - Boiler Cut Octopus,Rp51.000,https://www.tokopedia.com/salmon89/tako-leg-cut-1kg-kaki-gurita-potong-boiler-cut-octopus-500gram?extParam=ivf%3Dfalse,,Jakarta Utara,https://www.tokopedia.com/p/makanan-minuman/bahan-kue
SILKY PUDDING Forisa Mom`s Recipe Puding Box / Pudot All Variant,Rp12.990,https://www.tokopedia.com/frozenmartjakarta/silky-pudding-forisa-mom-s-recipe-puding-box-pudot-all-variant-bubble-gum?extParam=ivf%3Dfalse,,Jakarta Utara,https://www.tokopedia.com/p/makanan-minuman/bahan-kue
Puff Pastry Sheet Edo,Rp38.000,https://www.tokopedia.com/bakingstorejakartabarat/puff-pastry-sheet-edo?extParam=ivf%3Dfalse,,Jakarta Barat,https://www.tokopedia.com/p/makanan-minuman/bahan-kue
PONDAN SIRUP MAPLE POUCH 40ML,Rp3.700,https://www.tokopedia.com/pondan/pondan-sirup-maple-pouch-40ml?extParam=ivf%3Dfalse,,Tangerang,https://www.tokopedia.com/p/makanan-minuman/bahan-kue
Bimbozone - Nutrijel Puding susu agar NUTRIJELL PUDDING SUSU,Rp8.700,https://www.tokopedia.com/bimbozone/bimbozone-nutrijel-puding-susu-agar-nutrijell-pudding-susu-ps-mangga?extParam=ivf%3Dfalse,,Jakarta Utara,https://www.tokopedia.com/p/makanan-minuman/bahan-kue
HAPPI KRUNCH CHEESE V7 60ML HK V7,Rp125.000,https://www.tokopedia.com/pusatvapeid/happi-krunch-cheese-v7-60ml-hk-v7-n3-62207?extParam=ivf%3Dfalse,,Bandung,https://www.tokopedia.com/p/makanan-minuman/bahan-kue
Nutrijell My Vla / fla instant,Rp4.950,https://www.tokopedia.com/tobakingmurahonline/nutrijell-my-vla-fla-instant-coklat?extParam=ivf%3Dfalse,,Surabaya,https://www.tokopedia.com/p/makanan-minuman/bahan-kue
endapan air pandan,Rp40.000,https://www.tokopedia.com/yuumeebakingstore/endapan-air-pandan?extParam=ivf%3Dfalse,,Jakarta Barat,https://www.tokopedia.com/p/makanan-minuman/bahan-kue
ELMER Dip Glaze / Saus Manis Berbagai Rasa 200 gram,Rp12.000,https://www.tokopedia.com/tbknyliem/elmer-dip-glaze-saus-manis-berbagai-rasa-200-gram-milky-white?extParam=ivf%3Dfalse,,Bandung,https://www.tokopedia.com/p/makanan-minuman/bahan-kue
1 Kg Elimas Dipp Glaze Saus Manis,Rp31.500,https://www.tokopedia.com/sinarserayuabadi/1-kg-elimas-dipp-glaze-saus-manis-cokelat-tanpa-ember-04e99?extParam=ivf%3Dfalse,,Semarang,https://www.tokopedia.com/p/makanan-minuman/bahan-kue
Nutrijell Coklat 20gr,Rp2.500,https://www.tokopedia.com/tobakingmurahonline/nutrijell-coklat-20gr?extParam=ivf%3Dfalse,,Surabaya,https://www.tokopedia.com/p/makanan-minuman/bahan-kue
"TEPUNG GLUTEN FREE TALAS, SERBAGUNA - CAKES & COOKIES - 1KG & 500GR",Rp28.000,https://ta.tokopedia.com/promo/v1/clicks/8a-xgVY2gmUEH_jfo_1FopJNbm-xgVY789CBUsthbm-Orfua9fBjUstiHmUDUSz2Q31i6sJRH_jOHpjh6_1DUMoFyaUEH_jOHmFircYpq9z2Qfdi6sJhbm-xQcri6i-sy9eibm-XP3Oig9-wQfgwy3zpUsthoZFiQSuWyMua9fVjrOYag9Ji6sJObm-sy9zwq3zpUs2QHp1DHsyNoiFaopHh9ZFiQBYsy3Njq3zxPcuwy3zpUsthoAnDUMVi9RzBrRei6i-6UiFircYpPVYxQcri6i-jg3yibm-fg9-pq3YXUstiPsUibm-xgVYpyfYagZUEHpnRbsKpopyN6_URHsnFopHDUSHp9fh5gaUEUMuNZM2jZJ2M33NGPMep_Mh-qMY2_1o-r7BW_sCsQABE3BPc8ujagfBvq1BRZ3BRq3JausujHsBN3jyN8Bja69Bq17jfZ32Cq1hAZSuiHsuk3Bo-ojBkz_uo8B-2_uPGQ1h11_C6uOV7_jPGqB2AH3B6zcz2_VzcQJN1u9BouVVd332qqVB_Z9o-Q_BNyuPjrc-D63Wq3J-MyuPzq1Y2Z9P-q9P2ysoGrVtaQIuyH7-Nys-ZHujp1MgxuOV2_fB-P7B2PfBiH72F3s-DPuKp_MYiH7-MyuPzq1Y2Z9P-q9P2yOx3QcoXQcgjz7gXyRB-ojBD6IB6qMDa3I2mgjOc6IPyH_xR3I2mgjOc6IP-q9P2yp-6PMoWuMggQj2fgAo6QJBkQfBo8jJp_c2S8jNE3_uvuJjp_32CP7NE_3BHe72E3_UN8u23692qu7gN3_-Sq1Y2Z_C6uJBO_M2oH1N1yRxvzVJa_S2oHjO2Zsjibm-sQIupPcua9fBj9RyaUstaHsJf6ZFirI-2yfuwyMBjUsth6_1Fbm-SQfVD9fBjUstpwe?t=desktop&pub_id=0&page=1&r=https%3A%2F%2Fwww.tokopedia.com%2Fgohappylife%2Ftepung-gluten-free-talas-serbaguna-cakes-cookies-1kg-500gr-500-gr-2fee7%3Fsrc%3Dtopads&ob=23&pub_unit=0&pub_domain=0&dv=desktop&src=directory&management_type=2,,Bogor,https://www.tokopedia.com/p/makanan-minuman/bahan-kue
Oma Elly Kitchen - FROZEN PIZZA - Quattro Formaggi,Rp82.500,https://ta.tokopedia.com/promo/v1/clicks/8a-xgVY2gmUE6A1FHAUN6_JDUMVj9RzNrc1i6sJDUSupg9-wq3ei6iUFUiFiPcBWgZUEH_rh6_1p6_JNoZFiyRCsUsthoA1Fbm-FQRo2PcB5QiUEH_UDUMVDgaUEUMoxPmUDUMNOQ3-BrBY5gBYxgIHi6sJObm-XP3Oig9-wy3zp9R-BrZUEH_1DUMoxPVY2gIHi6BDpoZFaosjfbAURHpVPbm-X9foxQMz2gcV7guYxgIHi6sJ7HmFiy3-wPcupPmUEUjdibm-FQRo79fVDgaUEUMzBgiUDUSgBrSo2Qfdi6i-fHiUDUMVj9RosQR-BUstpHsJX6AU7oAyOH_jNHsrp6mFirpowQcYSUstig9BGqMzUZMggQj2fgAo6QJBkQfBoe7BpZ3O6HcoD692qu7gN3_-Sq1Y2Z9P-q9P2y_-3o3ea69BqzsBE3_UN8u2_Z_g-qjV2_JoGP3Uao32q17jfZ32Vo1OE1MBou72W_VzzHJN919z6z72k3jHhq1NJgcBHuJgD_Bzu81O119xgqB2t3uo-r7BW69BxufzFyMFNqO2yeMgxuOV2_fB-P7B2PfBiH72F3s-DPuKpeSBiHBUh3_oZgMV913Bvq1BRZ3BRq3UpZSCqHMhO3Ao6QfUpeMgxuOV2_fB-P7B2PfBs3VgDyfNDgMzIzMNs81jfZ3Fd81Nkqp-y8j-M_1ydPOKh6IPy8j-M_1ydP7B2PfBsHjNfyfO3gBBXZSgjH7NDZ325q1OEZ9xHqMPN_jzzHjN1z_uvuJjp_92Sq1hAZS2gHsBN3ByN8B29zSBgHMP2_fB-HJNJ19uvucWR_Bz-oJNE1_o6uJ77_1zgq3gzv_7ibm-sQIupPcua9fBj9RyaUstaoAKaHmFirI-2yfuwyMBjUsthoA1Fbm-SQfVD9fBjUstpwe?src=directory&t=desktop&pub_unit=0&dv=desktop&r=https%3A%2F%2Fwww.tokopedia.com%2Fomaelly%2Foma-elly-kitchen-frozen-pizza-quattro-formaggi%3Fsrc%3Dtopads&page=1&management_type=2&pub_id=0&pub_domain=0&ob=23,,Jakarta Selatan,https://www.tokopedia.com/p/makanan-minuman/bahan-kue
Collins Dip Glaze 1kg All Varian / Topping Pasta Coklat Donat Pisang,Rp34.000,https://ta.tokopedia.com/promo/v1/clicks/8a-xgVY2gmUEH_yfo_nao_r7bm-xgVY789CBUsthbm-Orfua9fBjUstiHmUDUSz2Q31i6sJRH_jOHpjh6_1DUMoFyaUEop1Fbm-FQRo2PcB5QiUEH_HDUMVDgaUEUMoxPmUDUMNOQ3-BrBY5gBYxgIHi6sJObm-XP3Oig9-wy3zp9R-BrZUEH_1DUMoxPVY2gIHi6BDpoZFaosjfbAURopuPbm-X9foxQMz2gcV7guYxgIHi6sJ7HmFiy3-wPcupPmUEUjdibm-FQRo79fVDgaUEUMzBgiUDUSgBrSo2Qfdi6i-fHiUDUMVj9RosQR-BUstpHAJXo_r76_ydosHOoAKhHArDUSHp9fh5gaUEUMuNZM2jZJ2M33NGPMep_Mh-qMY2_Mj781N_Z9o-Q1dFyfFN8B29zSBgHMP2_fB-8JO2oIx6qjBd_M2-8JNkZ9x6qjBd_M2oq1hAZS-q3cFpysoGqOKp_M2iH72DZ325q1OAZ9o-Q_ufyMO6QJBkQfBoucWE_jP-8VBW39z6zVJh3jHFHVBW_MWHu7jF_s--PJO9u_V6uJBd_jzcq1NWzMx-q9P2ysoGrVtaQIuyHB-Dy7yNrV2AZ_g-qjV2_JoGPMoWQcNxupuMy7xGPB2UuM2jzsBF3jo-ojBke3BHe72fyfODQMV9o3gsHMxfy7yNrV2AZ_g-qjV2_JoG8cz9uSBBusjF3uPj8jBkQfBy8jja_OzqgjOc6IPy8j-M3I2mgjOc6IPy8jV2_JoG8Bja69BqusB2yf7NHfHau3Bvq1BE_1zVP1N1ypCvuVj7_M2oH1NJgRxozco2_JoG8Bja69BqusBE3BPc8ujagfBvq1jF_uzSP1N1__-68BuR_92gP7YJ_9x6q1tNUiFiyfhOrRzBrBY2gVYfHiUEoAed6_JDUSCaq3oB9f-2gmUEop1Fbm-SQfVD9fBjUstpwe?t=desktop&dv=desktop&src=directory&pub_unit=0&pub_domain=0&management_type=2&r=https%3A%2F%2Fwww.tokopedia.com%2Fbuanachem%2Fcollins-dip-glaze-1kg-all-varian-topping-pasta-coklat-donat-pisang-tiramisu%3Fsrc%3Dtopads&page=1&pub_id=0&ob=23,,Bandung,https://www.tokopedia.com/p/makanan-minuman/bahan-kue
Van Houten Professional Chocolate Compound Coin 1 Kg / Coklat Compond,Rp85.000,https://ta.tokopedia.com/promo/v1/clicks/8a-xgVY2gmUEH_rFH_n7oAKObm-xgVY789CBUsthbm-Orfua9fBjUstiHmUDUSz2Q31i6sJRH_jOHpjh6_1DUMoFyaUE6A1Fbm-FQRo2PcB5QiUEH_eDUMVDgaUEUMoxPmUDUMNOQ3-BrBY5gBYxgIHi6sJObm-XP3Oig9-wy3zp9R-BrZUEH_1DUMoxPVY2gIHi6BDpoZFaosjfbAURopoPbm-X9foxQMz2gcV7guYxgIHi6sJ7HmFiy3-wPcupPmUEUjdibm-FQRo79fVDgaUEUMzBgiUDUSgBrSo2Qfdi6i-fHiUDUMVj9RosQR-BUstpH_1XHsKNoAJ7H_jpop1Rbm-pHOYDQfri6i-B812kgJxGgBBXZSgjH7NDZ325q1OAZ9o-Q1dFyfFN8B29zSBgHMP2_fB-H7hk3_uoqjOR_S2go1Ok_9P68BjO_32uq1hAZS-q3cFpysoGqOKp_M2iH72DZ325q1OAZ9o-Q_ufyMO6QJBkQfBoucWE_jP-8VBW39z6zVJh3jHFHVBW_MWHu7jF_s--PJO9u_V6uJBd_jzcq1NWzMx-q9P2ysoGrVtaQIuyHB-Dy7yNrV2AZ_g-qjV2_JoGPMoWQcNxupuMy7xGPB2UuM2jzsBF3jo-ojBke3BHe72fyfODQMV9o3gsHMxfy7yNrV2AZ_g-qjV2_JoG8cz9uSBBusjF3uPj8jBkQfBy8jja_OzqgjOc6IPy8j-M3I2mgjOc6IPy8jV2_JoG8Bja69BqusB2yf7NHfHau3Bvq1BE_uzuP1Okgpu6zJ1F_uz08jNEu_o-q9P2yp-6PMoWuMgsHBgtyfO6Q7BkQfB6zJ17_c2Vo1O1ypVozVjO_92s81OJgfBM1_7YUiFiyfhOrRzBrBY2gVYfHiUEHpnabm-FrMBsguYiq3ei6sKOHmFigfYxQVY2gmUEHR7?pub_domain=0&dv=desktop&src=directory&t=desktop&r=https%3A%2F%2Fwww.tokopedia.com%2Ftoserbamerdekatangsel%2Fvan-houten-professional-chocolate-compound-coin-1-kg-coklat-compond-white-repack-82333%3Fsrc%3Dtopads&ob=23&management_type=2&pub_id=0&pub_unit=0&page=1,,Tangerang Selatan,https://www.tokopedia.com/p/makanan-minuman/bahan-kue
Titanium Dioxide Pharmaceutical Grade - 50 Gram,Rp40.000,https://ta.tokopedia.com/promo/v1/clicks/8a-xgVY2gmUEHpy76_UaHsrDUMVj9RzNrc1i6sJDUSupg9-wq3ei6iUFUiFiPcBWgZUEH_rh6_1p6_JNoZFiyRCsUsth6AnFbm-FQRo2PcB5QiUEH_1DUMVDgaUEUMoxPmUDUMNOQ3-BrBY5gBYxgIHi6sJObm-XP3Oig9-wy3zp9R-BrZUEH_1DUMoxPVY2gIHi6BDpoZFaosjfbAURHpVPbm-X9foxQMz2gcV7guYxgIHi6sJ7HmFiy3-wPcupPmUEUjdibm-FQRo79fVDgaUEUMzBgiUDUSgBrSo2Qfdi6i-fHiUDUMVj9RosQR-BUstpH_HXosnNHA1FH_rRoA1f6ZFirpowQcYSUstig9BGqMzUZMggQj2fgAo6QJBkQfBoe7BpZ3O6HcoD692qu7gN3_-Sq1Y2Z9P-q9P2y_-3o3ea69BqzsBE3_UN8u2_Z_g-qjV2_JoGP3Uao32q17jfZ32Vo1OE1MBou72W_VzzHJN919z6z72k3jHhq1NJgcBHuJgD_Bzu81O119xgqB2t3uo-r7BW69BxufzFyMFNqO2yeMgxuOV2_fB-P7B2PfBiH72F3s-DPuKpeSBiHBUh3_oZgMV913Bvq1BRZ3BRq3UpZSCqHMhO3Ao6QfUpeMgxuOV2_fB-P7B2PfBs3VgDyfNDgMzIzMNs81jfZ3Fd81Nkqp-y8j-M_1ydPOKh6IPy8j-M_1ydP7B2PfBsHjNfyfO3gBBXZSgjH7NDZ325q1OEz92HqBBR_OzCH1OJz_o68BJh_M20q1hAZS2gHsBN3ByN8B29zSBgHMP2_fB-HJO1u9uvzVVd_M2V8jOkz926uJjO_OoG6ZUDUMoDP9o7g9-wq3zwPsUi6sJaH_eDUMPaQRuF9Ro7rMV7g3PNUs2QHZFa9ZFirI-2yfuwyMBjUsth6AnFbm-SQfVD9fBjUstpwe?page=1&pub_domain=0&ob=23&r=https%3A%2F%2Fwww.tokopedia.com%2Fyellowowl%2Ftitanium-dioxide-pharmaceutical-grade-50-gram%3Fsrc%3Dtopads&src=directory&dv=desktop&management_type=1&t=desktop&pub_id=0&pub_unit=0,,Tangerang,https://www.tokopedia.com/p/makanan-minuman/bahan-kue
